dataset_id,name,description,records,start_date,end_date,published,modified,url
5422689c-d83d-44e8-87f4-a4b0a5117181,Australian Microbiome 16S (Bacteria) Dataset of Aquatic Samples,,11584149,,,2025-12-25T14:58:51.000Z,,https://www.marine.csiro.au/ipt/resource?r=am_16s_aquatic
eaea291a-1e1d-4382-b86f-ac3cc15b8d5a,iNaturalist Research-grade Observations Marine Subset,,11555808,,,2026-07-29T15:39:55.000Z,,https://www.dassh.ac.uk/ipt/resource?r=inaturalist-marine
730e0918-43bb-496a-8126-f3a5849316fe,PISCO Kelp Forest Community Surveys,,10118199,,,2026-08-03T18:25:43.000Z,,https://ipt-obis.gbif.us/resource?r=pisco_kelp_forest_survey
b508f7bc-8708-43d5-b940-e44f2765d1af,Australian Microbiome 18S (Eukaryote) Dataset of Aquatic Samples,,9471381,,,2025-12-23T16:15:21.000Z,,https://www.marine.csiro.au/ipt/resource?r=am_18sv4_aquatic
d699c885-2124-450f-8e87-e529c3a9cdf9,Three Decades (1988-2023) of Marine Biodiversity in Falkland Islands Waters: Fisheries‑Linked Species Records from the Southwest Atlantic,,8153180,,,2026-07-30T10:04:34.000Z,,https://ipt.vliz.be/eurobis/resource?r=fifd_biodiversity_data
a6155d3d-48b8-4778-83aa-776b459a75d1,Monitoring and Evaluation of Kelp Forest Ecosystems in the MLPA Marine Protected Area Network,,5312401,,,2025-09-22T18:54:42.000Z,,https://ipt-obis.gbif.us/resource?r=mlpa_kelp_forest_monitoring
efa02fe9-6b5b-4173-85e7-912f71921fe7,"Marine Microbes from RV Investigator voyage IN2016_V03, 170W, Pacific Ocean (2016)",,3930815,,,2022-08-09T05:46:18.000Z,,https://www.marine.csiro.au/ipt/resource?r=bioplatforms_mm_in2016_v03
5c4667b8-8d93-4768-bc7e-3c31cde1cf18,The CPR Survey,,3387466,,,2022-02-23T12:19:56.000Z,,https://www.dassh.ac.uk/ipt/resource?r=cpr_public
607ae951-2e66-47d4-9f87-4e05dc528125,Marine metagenomes Metagenome,,3143971,,,2022-09-20T12:42:00.000Z,,https://hosted-datasets.gbif.org/mgnify/MGYS00003194.zip
80479e14-2730-436d-acaa-b63bdc7dd06f,World Ocean Database 2009,,3101777,,,2020-11-17T22:52:07.000Z,,https://ipt-obis.gbif.us/resource?r=wod_2009
ad65221f-0539-44aa-925e-4acf62ad0c6a,ICES North Sea International Bottom Trawl Survey for commercial fish species,,2960129,,,2023-03-09T02:00:29.000Z,,http://ipt.vliz.be/eurobis/resource?r=ices_datras_ns_ibts
86453e9e-24f5-47b1-b442-b6f86a9979b7,European Seabirds At Sea (ESAS),,2774110,,,2025-09-17T09:27:35.000Z,,https://ipt.vliz.be/eurobis/resource?r=esas
fd13c964-0fb6-4ef4-ae89-e35fc88a9c77,Marine and Coastal Management - Linefish Dataset (AfrOBIS),,2744112,,,2020-12-02T14:11:11.000Z,,http://ipt.iobis.org/afrobis/resource?r=mcm_linefish
74d67d71-2d25-4fa1-9a1e-df71c6af891e,"Marine Microbes from the North Stradbroke Island  National Reference Station (NRS), Queensland, Australia (2012-2020)",,2550424,,,2023-07-18T23:52:17.000Z,,https://www.marine.csiro.au/ipt/resource?r=bioplatforms_mm_nrs_nsi
8b0d5fdd-6a3f-48c7-a4aa-84f39f2df647,"Marine Microbes from the Port Hacking National Reference Station (NRS), New South Wales, Australia (2012-2020)",,2547766,,,2022-08-03T02:05:07.000Z,,https://www.marine.csiro.au/ipt/resource?r=bioplatforms_mm_nrs_phb
10134dbd-457e-4a97-9a89-b4e9f81482ca,Continuous Plankton Recorder Dataset (CPR Survey) - Zooplankton,,2413317,,,2024-12-19T17:33:10.000Z,,https://www.dassh.ac.uk/ipt/resource?r=sahfos-cpr-zoo
48cb8624-a221-47ed-9a6d-b99b0bb394e0,The Retrospective Analysis of Antarctic Tracking (Standardised) Data from the Scientific Committee on Antarctic Research,,2331595,,,2024-10-23T12:30:29.000Z,,https://ipt.biodiversity.aq/resource?r=scar_raatd_trackingdata
2c4f07c6-1c02-4082-88da-9e51b7897f24,"Marine Microbes from the Maria Island National Reference Station (NRS), Tasmania, Australia (2012-2021)",,2302114,,,2022-06-24T04:39:34.000Z,,https://www.marine.csiro.au/ipt/resource?r=bioplatforms_mm_nrs_mai
46c52e34-73b7-45e6-a2ac-742e4c2058c5,ICES Phytoplankton Community dataset,,2289704,,,2025-09-17T10:19:45.000Z,,http://ipt.vliz.be/eurobis/resource?r=dome-phytoplankton
e2c4a839-89b5-484f-a63c-df89c2f9f974,Environmental Monitoring database (MOD) DNV,,2185421,,,2023-08-09T09:24:16.000Z,,https://ipt.gbif.no/resource?r=dnv
179aa7bb-d57a-4234-9e71-95607753e8d8,"Marine Microbes from RV Investigator voyage IN2016_V04, Australia (2016)",,2180132,,,2022-06-28T07:23:37.000Z,,https://www.marine.csiro.au/ipt/resource?r=bioplatforms_mm_in2016_v04
75bd3b87-1059-4355-b757-40a2f141fd3f,DFO Pacific: Herring Biosample Database,,1923172,,,2022-03-23T18:27:19.000Z,,http://ipt.iobis.org/obiscanada/resource?r=herring
5bac0fd0-82cd-47df-bb58-a7fe226194ac,Pesquería Artesanal de la Ciénaga Grande de Santa Marta - SIPEIN,,1838510,,,2023-12-12T19:39:44.000Z,,https://ipt.biodiversidad.co/sibm/resource?r=invemar_sipein
aac5ca81-638a-4335-9aa7-5c2bda67a362,"LBBG_ZEEBRUGGE - Lesser black-backed gulls (Larus fuscus, Laridae) breeding at the southern North Sea coast (Belgium and the Netherlands)",,1801214,,,2026-08-17T14:08:26.000Z,,https://ipt.inbo.be/resource?r=lbbg_zeebrugge
c238cd9b-50c0-4185-9ed2-0bccb25e6386,ICES Beam Trawl Survey for commercial fish species,,1674589,,,2025-09-17T10:53:38.000Z,,http://ipt.vliz.be/eurobis/resource?r=ices_datras_bts
5061d21c-6161-4ea2-a8d4-38f8285dfc47,Pacific Multispecies Small Mesh Bottom Trawl Survey,,1665776,,,2025-07-11T16:56:37.000Z,,http://ipt.iobis.org/obiscanada/resource?r=obis_pacshrimp
9ca26a96-ff54-45f3-a423-7f6ab9f540ef,"DELTATRACK - Herring gulls (Larus argentatus, Laridae) and lesser black-backed gulls (Larus fuscus, Laridae) breeding at Neeltje Jans (Netherlands)",,1596480,,,2026-08-17T14:16:06.000Z,,https://ipt.inbo.be/resource?r=deltatrack
7b6fa45f-e4fd-4e40-a537-97eb2f63c690,Maritimes Summer Research Vessel Surveys,,1519459,,,2022-03-23T21:27:07.000Z,,http://ipt.iobis.org/obiscanada/resource?r=maritimes_summer_rv_surveys
0820b10a-5710-4e90-b9ed-a2ad7c7ec742,IMOS - Animal Tracking Facility - Acoustic Tracking - Quality Controlled Detections (2007 -2021),,1517914,,,2022-06-08T01:58:14.000Z,,https://www.marine.csiro.au/ipt/resource?r=imos_atf_ad
f5a4799e-dc24-4807-89d9-01da47d52e3b,"NOAA, Deep-Sea Coral Research and Technology Program",,1508615,,,2026-04-22T16:43:46.000Z,,https://ipt-obis.gbif.us/resource?r=noaa_dsc_rtp
2ac6b17f-3b3a-4e0f-b712-3b640bf79147,"Marine Microbes from the Rottnest Island National Reference Station (NRS), Western Australia, Australia (2015-2020)",,1501246,,,2022-08-02T23:52:58.000Z,,https://www.marine.csiro.au/ipt/resource?r=bioplatforms_mm_nrs_rot
16c262f7-46a9-4efc-bf12-f8ec2d37e944,eBird Australia - marine records (1901-2019),,1471592,,,2022-06-08T03:29:56.000Z,,https://www.marine.csiro.au/ipt/resource?r=ala_ebird
2891a788-9f30-4413-8f73-9e7686890e9d,FishNet2 Marine Data,,1413089,,,2023-12-19T06:44:43.000Z,,https://fishnet.tulane.edu/ipt/resource?r=fishnet2_obis
a390823a-2a59-4680-9f42-c34af84eeae8,Quoddy Region Pelagics Telemetry,,1323475,,,2026-06-15T16:43:53.000Z,,https://members.oceantrack.org/ipt/resource?r=otndfo-sabspassamaquoddyb
4c224fea-7e00-442b-a163-3fe82870f93c,ICES Baltic International Trawl Survey for commercial fish species,,1295165,,,2025-09-17T09:52:10.000Z,,http://ipt.vliz.be/eurobis/resource?r=ices_datras_bits
00cad65a-aa33-4d98-93a2-15155fa963e3,"HG_OOSTENDE - Herring gulls (Larus argentatus, Laridae) breeding at the southern North Sea coast (Belgium)",,1128704,,,2026-01-26T13:50:09.000Z,,https://ipt.inbo.be/resource?r=hg_oostende
8426d16e-cb66-4b6e-8d3c-d8e8b977fc79,JNCC seabird distribution and abundance data (all trips) from ESAS database,,1122012,,,2025-10-07T20:56:37.000Z,,http://ipt.env.duke.edu/resource?r=zd_427
e0f45753-759a-4bc2-ab24-26dba4376707,Inner Bay of Fundy Striped Bass,,1114906,,,2025-08-27T11:28:46.000Z,,https://members.oceantrack.org/ipt/resource?r=otndfo-bioinnerbayoffundy
a9a3bdc6-209f-4c66-aafd-ce5271cb63b3,RSMP Baseline Dataset,,1104128,,,2025-09-17T10:36:03.000Z,,http://ipt.vliz.be/eurobis/resource?r=rsmp_baseline
40d3d980-b417-4f0f-a90a-6b98a0093bc4,"Marine Microbes from the Yongala National Reference Station (NRS), Queensland, Australia (2015-2020)",,1040009,,,2022-08-02T23:41:07.000Z,,https://www.marine.csiro.au/ipt/resource?r=bioplatforms_mm_nrs_yon
d17e4cae-baf5-4f8b-980f-aa6806f070e2,DATRAS Canadian Maritimes Trawl Survey,,1031032,,,2025-09-17T10:11:21.000Z,,https://ipt.vliz.be/eurobis/resource?r=ices_datras_canmar
5945583a-482c-4d14-8da8-780e45588663,Continuous Plankton Recorder Dataset (CPR Survey) - Phytoplankton,,988299,,,2024-12-19T17:28:30.000Z,,https://www.dassh.ac.uk/ipt/resource?r=sahfos-cpr-phyto
ec9df3b9-3b2b-4d83-881b-27bcbcd57b95,Danish benthic marine monitoring data from ODAM,,971326,,,2025-09-17T08:33:45.000Z,,http://ipt.vliz.be/eurobis/resource?r=danishbenthicmonitoring
8acba7e7-2e50-4490-8328-b78a30472508,ICES Zoobenthos Community dataset,,890729,,,2025-09-17T10:21:41.000Z,,http://ipt.vliz.be/eurobis/resource?r=dome-zoobenthos
9c2d6787-245d-4661-b052-c14bccfe1c1b,Macrophytes occurrence data within French Mediterranen Lagoon since 2006,,885666,,,2025-09-17T09:33:50.000Z,,https://ipt.vliz.be/eurobis/resource?r=macrophytes_mediterranean_lagoon_ifremer
2fd06604-7d20-4712-9f68-eae9ae336bb5,MICROBIS Database (version 1) - European data,,863621,,,,,http://ipt.obis.org/nonode/resource?r=microbis
2f52eb20-2e9a-42ab-b05b-88928575e0c0,"HG_JUVENILE - Juvenile herring gulls (Larus argentatus, Laridae) hatched at the southern North Sea coast (Belgium)",,834960,,,2026-07-10T10:57:58.000Z,,https://ipt.inbo.be/resource?r=hg_juvenile
d91cd0b2-66a9-4758-b18f-add691bcd0ce,OTN VR2W Loan - Emera Snow Crab and American Lobster,,833677,,,2026-06-15T16:54:31.000Z,,https://members.oceantrack.org/ipt/resource?r=otnemeravr2wloan-emerasno
4d52d23d-4cd0-488b-8f28-ee71b03f98b8,Nahant Collection,,829178,,,2022-09-20T12:42:00.000Z,,https://hosted-datasets.gbif.org/mgnify/MGYS00002376.zip
d568d82f-618b-4e5a-a824-cc0280827d77,"Foreign vessel commercial trawl records from the North West Shelf, Australia (1979-1985)",,821753,,,2023-10-27T00:23:01.000Z,,https://www.marine.csiro.au/ipt/resource?r=jems_trawl
6d7b384f-090b-4c15-b68d-4c1192c0f8a6,Marine Recorder Snapshot extract of surveys entered by JNCC,,772377,,,2022-01-13T09:46:59.000Z,,https://www.dassh.ac.uk/ipt/resource?r=jncc_mr_snapshot_whole_uk_0
7cc6bbd4-b9dd-4d0e-a157-7bde083a3ae4,Data associated with 'A 17-year time-series of fungal environmental DNA from a coastal marine ecosystem reveals long-term seasonal-scale and inter-annual diversity patterns',,734940,,,2023-03-02T09:46:39.000Z,,https://www.dassh.ac.uk/ipt/resource?r=l4-edna
363961a9-9f45-46df-980b-0b076e66a296,ICES Zooplankton Community dataset,,730603,,,2025-09-17T09:54:14.000Z,,http://ipt.vliz.be/eurobis/resource?r=dome-zooplankton
3e981ea4-29b3-4df5-8529-38d798262eb1,Marine Recorder Snapshot extract of surveys entered by SeaSearch,,727594,,,2022-01-13T09:45:24.000Z,,https://www.dassh.ac.uk/ipt/resource?r=jncc_mr_snapshot_whole_uk_3
2ae2a2bd-8412-405b-8a9f-b71adc41d4c5,"NOAA Pacific Islands Fisheries Science Center, Ecosystem Sciences Division, National Coral Reef Monitoring Program: Stratified random surveys (StRS) of reef fish in the U.S. Pacific Islands",,698900,,,2021-08-25T16:46:53.000Z,,https://ipt-obis.gbif.us/resource?r=ncrmp_nspc_fish_pacific
c46e6e28-87a1-4464-a44e-d6ab96511580,Dataset of French Observation and Monitoring program for Phytoplankton and Hydrology in coastal waters since 1987,,694737,,,2025-09-17T09:08:46.000Z,,http://ipt.vliz.be/eurobis/resource?r=rephy
c633b0f8-90bb-43f2-8680-65ac26dd8400,"O_VLIELAND - Eurasian oystercatchers (Haematopus ostralegus, Haematopodidae) breeding and wintering on Vlieland (the Netherlands)",,656050,,,2026-07-27T08:46:56.000Z,,https://ipt.inbo.be/resource?r=o_vlieland
9656db40-e4f9-4d8f-9023-38c7782efd9c,Global Kelp Timeseries from NCEAS/KEEN Working Group,,649286,,,2022-06-06T23:14:51.000Z,,https://www.marine.csiro.au/ipt/resource?r=kelp_timeseries_keen
d895e645-a98d-4720-b6fb-332929190f36,Maritimes Spring Research Vessel Surveys,,648518,,,2022-03-23T20:56:26.000Z,,http://ipt.iobis.org/obiscanada/resource?r=maritimes_spring_rv_surveys
e5e57666-4c43-4026-a5ba-f690d1d77b94,Amplicon sequencing of Tara Oceans DNA samples corresponding to size fractions for protists.,,605540,,,2022-09-20T12:42:00.000Z,,https://hosted-datasets.gbif.org/mgnify/MGYS00002392.zip
34fa67d9-6100-47c6-a264-45ee6a54b427,ICES French Southern Atlantic Bottom Trawl Survey for commercial fish species,,602961,,,2025-09-17T10:08:50.000Z,,http://ipt.vliz.be/eurobis/resource?r=ices_datras_evhoe
28994fa2-d07a-45c9-84b7-3fff3d728f4b,Irish Ground Fish Survey for commercial fish species,,586251,,,2025-09-17T08:41:37.000Z,,http://ipt.vliz.be/eurobis/resource?r=ices_datras_ie_igfs
bf78a780-0a48-45d6-af11-cf52b7b6ec5f,SEFSC CAGES Alabama Fish Length Data with CPUE,,563417,,,2016-09-21T20:37:37.000Z,,https://ipt-obis.gbif.us/resource?r=sefsc_cages_alabama_lengths_cpue_20141103
f1a11336-64b8-46f4-ba10-5095d150039f,DFO Newfoundland and Labrador Region Ecosystem Trawl Surveys,,540559,,,2013-10-28T17:18:04.000Z,,http://ipt.iobis.org/obiscanada/resource?r=dfo_nl_groundfish
89e23fc8-3f61-4480-9de3-358fe6eefe0b,National Museum of Natural History Invertebrate Zoology Collections,,526727,,,,,http://ipt.obis.org/nonode/resource?r=nmnh-iz
51f0f3ff-39a7-4302-ab26-258bfe614975,"Marine Microbes from the Kangaroo Island  National Reference Station (NRS), Queensland, Australia (2015-2020)",,526203,,,2022-06-25T18:24:26.000Z,,https://www.marine.csiro.au/ipt/resource?r=bioplatforms_mm_nrs_kai
800210cb-3c7a-45e4-bbf4-4f246a1eb6dd,Large Scale Movements of Sturgeon in the St. Lawrence River System,,520151,,,2026-06-15T18:43:41.000Z,,https://members.oceantrack.org/ipt/resource?r=otnqpalargescalemovements
f023a554-d48f-4560-9616-5c6a9321f147,DFO Pacific Groundfish - Hecate Strait Multispecies Assemblage Bottom Trawl Survey,,497878,,,2023-10-31T20:07:39.000Z,,https://ipt.iobis.org/obiscanada/resource?r=dfo_pacific_groundfish-hecate_strait_multispecies_assemblage_survey
d69a1913-4536-4e23-ae6b-911c6359cc61,Southern Ocean Continuous Zooplankton Recorder (SO-CPR) Survey,,495644,,,2026-07-21T02:33:02.000Z,,https://data.aad.gov.au/ipt/resource?r=socpr
231dc661-d8d9-4d49-9ff0-45bd21a08541,New Zealand fish and squid distributions from research bottom trawls 1964-2008,,495600,,,2020-02-14T08:11:05.000Z,,https://nzobisipt.niwa.co.nz/resource?r=obisprovider
fc9c2fcc-42ca-4cf2-95a7-e45cf1f0a5de,"Marine Microbes from the Darwin Harbour National Reference Station (NRS), Northern Territory, Australia (2015-2020)",,483107,,,2022-06-22T05:10:24.000Z,,https://www.marine.csiro.au/ipt/resource?r=bioplatforms_mm_nrs_dar
23f104bf-b4c9-4144-955d-121c583f20d2,Northeast Fisheries Science Center Bottom Trawl Survey Data,,471024,,,2021-08-25T15:49:25.000Z,,https://ipt-obis.gbif.us/resource?r=nefsc_bottom_trawl_surveys_coml
11bc2cb2-a837-4cd1-9450-52e3bb427cf6,ECNASAP - East Coast North America Strategic Assessment,,466734,,,2021-04-06T21:28:35.000Z,,http://ipt.iobis.org/obiscanada/resource?r=ecnasap
0e223f55-c826-4513-ae9a-b04cbf2e189c,CalCOFI Fish Larvae &amp; Egg Tows,,463655,,,2026-03-27T18:33:40.000Z,,https://ipt-obis.gbif.us/resource?r=calcofi_ichthyo
0ca901d4-bdc3-4136-8a66-6028f4c3ba40,NOAA Southeast Fisheries Science Center (SEFSC) Fisheries Log Book System (FLS) Commercial Pelagic Logbook Data,,451827,,,2021-08-25T16:51:55.000Z,,https://ipt-obis.gbif.us/resource?r=sefsc_logbook
02d5c4ed-d372-474a-8166-e79d341ea04e,IMR Occurrences of fish from research and rental vessels 2000-2023,,451241,,,2024-09-09T16:32:06.000Z,,https://ipt.vliz.be/eurobis/resource?r=imr_fish_catch
953e0d26-24e8-4797-b944-8aa7fe2ea937,Marine Recorder Snapshot extract of surveys entered by National Museums Northern Ireland (NMNI),,446114,,,2022-01-13T09:42:47.000Z,,https://www.dassh.ac.uk/ipt/resource?r=jncc_mr_snapshot_whole_uk_1
3e6422c8-c471-4461-9010-bfbb0924c8a8,Predator and Prey Around Renewable Energy Developments (PrePARED),,443059,,,2026-06-15T18:39:21.000Z,,https://members.oceantrack.org/ipt/resource?r=otnmssprepared
0b7ba344-5ff5-4a72-8e20-43eb86b097da,NOAA AFSC North Pacific Groundfish Observer,,422108,,,2020-09-18T19:17:26.000Z,,https://ipt-obis.gbif.us/resource?r=afsc_northpacificgroundfishobserver
03e33888-23b1-42f2-a0d3-caf759fa858c,DFO Pacific Groundfish Synoptic Trawl Surveys - Queen Charlotte Sound,,421702,,,2023-07-20T20:59:56.000Z,,http://ipt.iobis.org/obiscanada/resource?r=qcs
52b4a965-669d-4c5e-b564-326022a1c064,Scottish West Coast Survey for commercial fish species,,415491,,,2025-09-17T08:31:38.000Z,,http://ipt.vliz.be/eurobis/resource?r=ices_datras_alt_ibts
ee61ea7c-9a35-48f7-a341-39473408343b,National Monitoring Programme for Phytoplankton Species occurrence in Aquaculture Production Areas,,412434,,,2021-05-27T11:31:48.000Z,,https://www.dassh.ac.uk/ipt/resource?r=mi_habs
95518627-a380-4691-86d8-3a3b5a11196c,New Zealand research tagging database,,411926,,,2018-08-08T20:59:46.000Z,,https://nzobisipt.niwa.co.nz/resource?r=mpi_tag
b18829a5-eec2-4978-a88d-1edba34f1377,Marine Recorder Snapshot extract of surveys entered by Natural England,,407909,,,2022-01-13T09:23:01.000Z,,https://www.dassh.ac.uk/ipt/resource?r=jncc_mr_snapshot_whole_uk_5
68670603-4fca-4b3b-ab33-f50b859e3afc,Canadian Maritimes Fishermen and Scientists Research Society Lobster Recruitment Index from Standard Traps- 2003+,,398538,,,2026-02-13T19:36:26.000Z,,http://ipt.iobis.org/obiscanada/resource?r=obis_fsrs_lobsterrecruitmentdb_2
a5ef1130-92b1-490d-b487-6692d20312f2,"SHARK - Regional marine environmental monitoring, recipient control and monitoring projects of Phytoplankton in Sweden since 1985",,383961,,,2024-07-10T12:55:30.000Z,,https://www.gbif.se/ipt/resource?r=smhi-phytoplankton-reg
ae67a723-041c-4c45-a757-034368191f3d,Spanish Porcupine Bottom Trawl Survey for commercial fish species,,383008,,,2025-09-17T09:50:12.000Z,,https://ipt.vliz.be/eurobis/resource?r=ices_datras_spporc
2a8ddd06-2a18-4fae-81cc-5f5bfe0ef335,USGS Patuxent Wildlife Research Center Seabirds Compendium,,374548,,,2021-08-27T20:59:10.000Z,,https://ipt-obis.gbif.us/resource?r=usgs_pwrc_seabirdscompendium
ce28c897-d3e7-40d9-bf93-bd87c4aff63c,NS Southern Upland Salmon Tagging,,369873,,,2025-08-27T11:35:35.000Z,,https://members.oceantrack.org/ipt/resource?r=otndalnssouthernuplandsal
6d1d0993-70da-4ebc-9237-bc32e0efe1bd,OTN Loan - Salmonids in Trondheimsfjorden,,363149,,,2026-06-15T18:35:02.000Z,,https://members.oceantrack.org/ipt/resource?r=otnntnuloan-salmonidsintr
66fe7e4b-ddcc-44aa-8378-c7c7482c2844,ICES Eggs and larvae,,356169,,,2025-09-17T08:31:39.000Z,,https://ipt.vliz.be/eurobis/resource?r=ices_eggsandlarvae
3c1de937-e3b2-45ee-aa74-2c74f958d72d,Dutch long term monitoring of phytoplankton in the Dutch Continental Economical Zone of the North Sea (2000-2018),,356036,,,2025-09-17T09:10:46.000Z,,http://ipt.vliz.be/eurobis/resource?r=mwtl_phytoplankton2
0ae49e4e-ad4c-4b89-be2e-b6003c0038ec,"OEH Atlas of NSW Wildlife, - marine records Australia (1770 - 2017)",,349878,,,2022-06-07T06:12:54.000Z,,https://www.marine.csiro.au/ipt/resource?r=oeh_atlas_nsw_wildlife
9fd58901-44bf-4e78-adc6-d040eec324af,Marine Recorder Snapshot extract of surveys entered by NRW,,348402,,,2022-01-13T09:26:00.000Z,,https://www.dassh.ac.uk/ipt/resource?r=jncc_mr_snapshot_whole_uk_2
4b0fd78e-c074-4b7b-a716-adf7e3917776,DFO NE Newfoundland Acoustic Array and Atlantic Cod Tagging,,348012,,,2023-09-23T02:51:54.000Z,,https://members.oceantrack.org/ipt/resource?r=otndfo-nafcdfonenewfoundl
28b3b579-c7d1-43ad-8cf6-3e5d6b3b2016,SHARK - National Epibenthos monitoring in Sweden since 1992,,343967,,,2024-07-02T15:47:57.000Z,,https://ipt.vliz.be/eurobis/resource?r=smhi-epibenthos-nat
46389886-a09c-4cc4-bd5b-76ada2157a52,"Phytoplankton abundance and composition and physico-chemical parameters in the Ebro delta embayments (Alfacs Bay and Fangar Bay, North Western Mediterranean)  during 1990-2019",,339850,,,2025-09-17T09:48:15.000Z,,https://ipt.vliz.be/eurobis/resource?r=irta_phyto
9b787218-7138-4ffa-8ba6-36d63d391f8c,FishBase Database,,332669,,,2023-03-23T10:44:06.000Z,,https://www.gbif.se/ipt/resource?r=fishbase
ac446ff8-14f8-4760-91dc-20f7660464b0,FSUGG Tags- Spawning migration patterns of the Atlantic Goliath Grouper,,329138,,,2026-06-15T19:25:35.000Z,,https://members.oceantrack.org/ipt/resource?r=otnfsufsuggtags-spawningm
26b72f37-dc9f-4cd9-9b42-96fce2fd38aa,DFO Pacific Groundfish Synoptic Trawl Surveys - West Coast Vancouver Island,,323572,,,2023-07-20T22:22:44.000Z,,http://ipt.iobis.org/obiscanada/resource?r=westcoast
0264be1a-9d3f-495d-afcb-ac22718a70ce,"Victorian Biodiversity Atlas, Victoria, Australia (1900-2017) - marine records",,323065,,,2022-06-07T05:57:07.000Z,,https://www.marine.csiro.au/ipt/resource?r=victorian_biodiversity_atlas
0c1cb7e9-c7d1-4643-b245-daa8839a183f,The UK Archive for Marine Species and Habitats Data,,313864,,,2025-09-17T08:34:27.000Z,,http://ipt.vliz.be/eurobis/resource?r=dassh
6639fa5b-1d59-48fd-a53b-59a3e823fa6f,"LBBG_ADULT - Lesser black-backed gulls (Larus fuscus, Laridae) breeding in Belgium",,313619,,,2026-01-26T15:04:44.000Z,,https://ipt.inbo.be/resource?r=lbbg_adult
210efc7c-4762-47ee-b4b5-22a0f436ef44,eDNA from Gulf of Mexico Ecosystems and Carbon Cruise 2021 (GOMECC-4),,311088,,,2024-03-12T15:42:16.000Z,,https://ipt-obis.gbif.us/resource?r=noaa-aoml-gomecc4
2d2deee0-b592-4426-ab82-503b6bccc00d,SHARK - Regional monitoring and monitoring projects of Epibenthos in Sweden since 1994,,308879,,,2024-07-02T16:02:25.000Z,,https://ipt.vliz.be/eurobis/resource?r=smhi-epibenthos-reg
a8c7c2d3-533a-4b8f-aff8-a43b8f280a7b,"LBBG_JUVENILE - Juvenile lesser black-backed gulls (Larus fuscus, Laridae) and herring gulls (Larus argentatus, Laridae) hatched in Zeebrugge (Belgium)",,303798,,,2026-01-26T14:55:40.000Z,,https://ipt.inbo.be/resource?r=lbbg_juvenile
d0eeefa4-9d21-4918-a868-7fee1fa863e9,"Marine Microbes from RV Investigator voyage IN2015_V03, Australia (2015)",,300515,,,2022-06-24T23:27:02.000Z,,https://www.marine.csiro.au/ipt/resource?r=bioplatforms_mm_in2015_v03
b58d5ca0-1af8-48b3-993d-6c89742bb0d2,PANGAEA - Data from the Ocean Drilling Program (ODP),,291117,,,2025-09-17T08:35:09.000Z,,http://ipt.vliz.be/eurobis/resource?r=pangaea_2756
d6d09a68-4349-49d7-9991-474fb75578e0,DFO Pacific Groundfish Synoptic Trawl Surveys - Hecate Strait,,289849,,,2023-07-20T20:19:04.000Z,,http://ipt.iobis.org/obiscanada/resource?r=hecate
c5687a17-e454-40f9-9a4b-d04b2c812d74,UF Invertebrate Zoology,,286322,,,2026-08-24T04:01:05.000Z,,https://ipt.floridamuseum.ufl.edu/ipt/resource?r=invertebratezoology
f6e5b0ee-d645-40fc-a433-17fd8965c941,JODC Dataset,,286262,,,2026-04-24T07:25:02.000Z,,https://www.godac.jamstec.go.jp/ipt/resource?r=jodc_j-doss
38535a43-2982-4479-88c1-8303f7ee8665,PANGAEA - Data from the Deep Sea Drilling Project (DSDP),,285474,,,2025-09-17T08:35:54.000Z,,http://ipt.vliz.be/eurobis/resource?r=pangaea_2755
58bb5aa2-2939-48d5-9015-b18706e26425,Australian Museum Malacology Collection - Marine records,,279892,,,2022-06-08T05:30:18.000Z,,https://www.marine.csiro.au/ipt/resource?r=am_malacology
561441ab-128b-4be7-8fce-de1ef79855da,SEAPOP NINA,,279170,,,2025-09-17T09:49:36.000Z,,http://ipt.vliz.be/eurobis/resource?r=gbif_15043
5da207d6-fc1e-4e02-a2e8-bdfda1a97585,Royal Netherlands Institute for Sea Research (NIOZ) - Kom Fyke Mokbaai,,273002,,,2025-06-11T13:47:52.000Z,,http://ipt.vliz.be/eurobis/resource?r=kom-fyke-mokbaai
55e8c1e5-bb02-482b-adf5-ed576b0f7133,DFO Maritimes - Groundfish and Small Pelagic Tagging database. 1953-1999,,271456,,,2026-02-13T18:43:14.000Z,,http://ipt.iobis.org/obiscanada/resource?r=dfo_mar_fishtagging
3bf011af-bc57-49c1-a344-284032a9f1f6,University of Liverpool seabird tracking in Anguilla 2012-2015,,270469,,,2025-10-08T02:02:50.000Z,,http://ipt.env.duke.edu/resource?r=zd_1279
7d6d9150-68a4-4aad-8081-29573eadce66,"GPS tracking and dive data from 84 foraging trip tracks of Little Penguins (32 female, 31 male) , Port Campbell, Victoria, Australia (2012-2013)",,265403,,,2022-06-06T23:07:25.000Z,,https://www.marine.csiro.au/ipt/resource?r=lipe_tracks_port_campbell
e8781841-a678-44dd-a912-b18cd69dab88,marine metagenome Metagenome,,264350,,,2022-09-22T08:44:00.000Z,,https://hosted-datasets.gbif.org/mgnify/MGYS00005175.zip
7f50634c-a93e-4c4a-a0c8-6994af9739f3,Marine Recorder Snapshot extract of surveys entered by The archive for marine species and habitats data (DASSH),,263526,,,2022-01-13T15:44:21.000Z,,https://www.dassh.ac.uk/ipt/resource?r=jncc_mr_snapshot_whole_uk_6
b5b9638b-8382-4a0c-9528-a78d3d554dae,"Marine Microbes from RV Southern Surveyor voyage SS2010_V09, Australia (2010)",,261641,,,2022-06-25T10:52:27.000Z,,https://www.marine.csiro.au/ipt/resource?r=bioplatforms_mm_ss2010_v09
9c8a2ac6-f394-4fa1-981e-227fa7b14675,ICES Phytobenthos community dataset,,251967,,,2025-09-17T08:39:17.000Z,,http://ipt.vliz.be/eurobis/resource?r=dome-phytobenthos
057d7f8c-5286-4032-aaf9-5ce078833262,"Finnish Baltic Sea phytoplankton monitoring, KPLANK database",,251573,,,2025-09-17T09:29:13.000Z,,https://ipt.vliz.be/eurobis/resource?r=syke-kplank-phytoplankton
a54a77db-7b42-4101-8d71-1adec3dd4ed5,"NOAA Pacific Islands Fisheries Science Center, Ecosystem Science Division Coral Reef Ecosystem Program, Rapid Ecological Assessments of Fish Belt Transect Surveys (BLT) at Coral Reef Sites across the Pacific Ocean from 2000 to 2009",,245139,,,2023-01-27T21:04:45.000Z,,https://ipt-obis.gbif.us/resource?r=ncrmp_blt_fish_pacific
199dff9a-ec4f-481b-a9bf-f505daeb48ec,Marine Recorder JNCC Public Offshore Snapshot 2020_1 – habitat data trial,,244973,,,2021-02-13T13:09:08.000Z,,https://www.dassh.ac.uk/ipt/resource?r=jncc_offshore_snapshot_habitat
0a339f70-b7de-4a60-8b32-02829c14574e,DFO NL: The 1954-1993 Newfoundland cod-tagging database spatial-temporal distributions,,242046,,,2021-03-29T17:32:09.000Z,,http://ipt.iobis.org/obiscanada/resource?r=dfo_nl_codtagging
cfceb150-bbe2-4efb-8682-14cfc7167e7c,"Abundance of Rocky Reef Fishes, Invertebrates and Algae, Reef Check California (RCCA), 2006 - 2017",,237709,,,2025-06-03T16:53:10.000Z,,https://ipt-obis.gbif.us/resource?r=rcca_transects
c7c7b32b-9d1f-4ee7-8290-56d46c455273,"Dutch long term monitoring of macrobenthos in the Dutch Continental Economical Zone of the North Sea, the Wadden Sea and the Southwestern Delta",,235790,,,2025-09-17T08:35:30.000Z,,https://ipt.vliz.be/eurobis/resource?r=mwtl_macrobenthos_nl
dcf9975f-d35f-4433-826b-376385121c98,Sea Watch Foundation Marine Megafauna Sightings: 1971 to present,,232694,,,2025-03-05T11:13:53.000Z,,https://www.dassh.ac.uk/ipt/resource?r=seawatchfoundation_marine_megafauna_sightings_1971_to_present
38c4cdbe-1f73-44f1-bd22-b9d61cd9e7de,SHARK - National marine environmental monitoring of Phytoplankton in Sweden since 1983,,232570,,,2024-07-10T12:48:13.000Z,,https://www.gbif.se/ipt/resource?r=smhi-phytoplankton-nat
aa16d305-d413-4c4a-90be-b1ec3298d58d,CAS Invertebrate Zoology (IZ),,231405,,,2026-08-24T22:53:08.000Z,,http://ipt.calacademy.org:8080/resource?r=invz
7aee17f1-d6e8-4204-a4b2-eafdf89563cf,NOAA Southeast Fishery Science Center (SEFSC) Commercial Pelagic Observer Program (POP) Data,,231191,,,,,http://ipt.obis.org/nonode/resource?r=sefsc_pop
15700106-b0f0-4134-b3d4-4d48acce406a,Ecoscope tuna bycatch observer data,,230918,,,2025-09-17T10:09:34.000Z,,http://ipt.vliz.be/eurobis/resource?r=observe_tuna_bycatch
ec1d0387-bca6-43dd-b8d2-22091402dd18,Continuous Plankton Recorder Dataset (Pacific CPR Survey) - Zooplankton,,230874,,,2024-12-19T17:25:50.000Z,,https://www.dassh.ac.uk/ipt/resource?r=pacific-cpr-zoo
2ab4ad97-bb6d-4c88-8469-bb94c409e51a,Scottish West Coast Groundfish Survey,,230334,,,2025-09-17T08:31:09.000Z,,https://ipt.vliz.be/eurobis/resource?r=ices_datras_scowcgfs
b99cd991-0d9f-46f3-a275-f1c85a521864,NOAA Ocean Exploration seawater eDNA metabarcoding (EX2205),,229509,,,2026-05-06T13:29:54.000Z,,https://ipt-obis.gbif.us/resource?r=noaa-oer-okeanos-ex2205
90faff6c-f5fe-4997-bd48-5b4651f5a11f,"CSIRO, Cruises, Vertebrate and Invertebrate Fishery Bycatch, North Australia, 1997",,227748,,,2022-11-11T11:35:43.000Z,,https://www.marine.csiro.au/ipt/resource?r=csiro_goc
7805fd11-a1f0-4a04-b89c-dcc3c89f75de,Marine Recorder Snapshot extract of surveys entered by NatureScot,,224368,,,2022-01-13T09:43:57.000Z,,https://www.dassh.ac.uk/ipt/resource?r=jncc_mr_snapshot_whole_uk_4
e7c86904-aac7-4a17-a895-99a54c430d80,NEFSC Benthic Database,,224304,,,,,http://ipt.obis.org/nonode/resource?r=nefscbenthicdatabase
e4273d22-20ad-4234-a9d7-43fcccd88317,Australian Microbiome 16S (Archaea) Dataset of Aquatic Samples,,223791,,,2025-12-23T08:03:01.000Z,,https://www.marine.csiro.au/ipt/resource?r=am_a16s_aquatic
a980a1b5-c77e-43ee-8548-f9a5eb506e2a,Minke whale localized acoustic detections off Kauai,,223727,,,2025-10-08T13:27:03.000Z,,https://ipt.env.duke.edu/resource?r=zd_2190
c5e06e5d-7775-4df2-a24f-18babe51fc28,BTSNP Tags and Array- Natal philopatry in blacktip sharks,,222277,,,2026-06-15T19:25:33.000Z,,https://members.oceantrack.org/ipt/resource?r=otnncfbtsnptagsandarray-n
f2cdd6ff-c4bb-4bf8-9171-f164b2aa11ee,Greenland Arctic Charr,,221799,,,2025-11-05T20:58:09.000Z,,https://members.oceantrack.org/ipt/resource?r=otnntnugreenlandarcticcha
afab2616-cc64-45a6-b04c-a5354ddec25e,Apoqnmatulti'k - Bras D'Or Lake,,221791,,,2026-06-15T14:24:02.000Z,,https://members.oceantrack.org/ipt/resource?r=otndalapoqnmatulti_k-bras
267a89f6-e30c-4394-8253-5f4630b24a4a,"Elephant Seal Sightings, Macquarie Island",,221619,,,,,http://ipt.obis.org/nonode/resource?r=ellie_sightings_macca
8a1109fe-bf82-42b2-b296-a46c8059b82b,Argos PTT Tracking Database,,213488,,,,,http://ipt.obis.org/nonode/resource?r=argos_tracking
c5e7e55f-2673-4155-a86d-8bd75f84b1c4,"Plankton image dataset from a cabled observatory system (JEDI System/OCEANS) deployed at coastal area of Oshima island, Tokyo, Japan",,213263,,,2026-04-24T07:27:44.000Z,,https://www.godac.jamstec.go.jp/ipt/resource?r=tumsat_jedi-oceans
471fe91a-2d5f-4651-b76b-e1e9cdba9940,Maritimes 4VSW Research Vessel Surveys,,212789,,,2022-03-23T16:05:31.000Z,,http://ipt.iobis.org/obiscanada/resource?r=maritimes_4vsw_rv_surveys
fcbb56da-7237-43a3-831e-d45571496c68,Happywhale - Humpback whale in North Pacific Ocean,,211278,,,2026-07-15T18:29:56.000Z,,http://ipt.env.duke.edu/resource?r=zd_1765
51391fb1-ae4d-44d8-9178-a06f95545604,CWS-EC Eastern Canada Seabirds at Sea (ECSAS),,210020,,,2020-10-27T15:40:44.000Z,,http://ipt.iobis.org/obiscanada/resource?r=cws_eastcoastseabirdsatc
9a37fc55-1fc8-4c19-b649-10d86c03b7bb,PIROP Northwest Atlantic 1965-1992,,209033,,,2026-04-28T16:13:01.000Z,,http://ipt.env.duke.edu/resource?r=zd_280
4e2cf30c-b238-4ca9-ae05-0809da31d4cc,ICES Historical Plankton Dataset,,207957,,,2025-09-17T09:11:35.000Z,,http://ipt.vliz.be/eurobis/resource?r=ices_historical_plankton
cd6933a8-797e-41f4-94f0-fcd969b6794e,"MEDGULL_ANTWERPEN - Mediterranean gulls (Ichthyaetus melanocephalus, Laridae) breeding near Antwerp (Belgium)",,205969,,,2026-01-26T15:01:30.000Z,,https://ipt.inbo.be/resource?r=medgull_antwerpen
84df1ad7-e089-4199-9fb4-62f586c7c34d,Robichaud sturgeon,,202817,,,2023-09-22T18:05:57.000Z,,https://members.oceantrack.org/ipt/resource?r=otnlglrobichaudsturgeon
6c813a6c-86f7-4d45-beb5-33eebd8de938,Vulnerable marine ecosystems in the South Pacific Ocean region,,201631,,,2024-05-01T00:48:30.000Z,,https://nzobisipt.niwa.co.nz/resource?r=vme_inverts
43b58971-4fda-4210-a6ef-654fe0ce226d,National Benthic Inventory,,201602,,,2019-10-29T17:22:00.000Z,,https://ipt-obis.gbif.us/resource?r=noaa_nbi
3b2a79a4-ef3c-4b0a-829a-9bcbc9f00e5c,Marine and Coastal Management - Demersal Surveys (AfrOBIS),,198492,,,2020-12-02T14:09:21.000Z,,http://ipt.iobis.org/afrobis/resource?r=mcm_demersal
3c3f44b4-5fec-48c6-9f0a-d4329d1cc0fd,Marine metagenomes from the bioGEOTRACES project (2010-2011),,195801,,,2023-10-27T02:21:56.000Z,,https://www.marine.csiro.au/ipt/resource?r=biogeotraces
d104db68-63cf-4f34-b92a-54bd55a07394,Museums Victoria Marine Invertebrates Collection,,195782,,,2023-06-28T03:27:49.000Z,,https://www.marine.csiro.au/ipt/resource?r=nmv_marine_inverts
d2df1c14-912e-4f8b-b1aa-2877cc0f4793,UNESCO eDNA expedition in Cocos Island National Park (Costa Rica): December 2022,,194374,,,2024-12-08T17:18:25.000Z,,https://ipt.obis.org/secretariat/resource?r=edna-cocos-island-national-park
553e6cd6-89a8-4482-b767-fb79a8d9c6ee,"CSIRO, North West Shelf Demersal Marine Resources Study 1980-1997",,192998,,,2022-09-13T06:02:16.000Z,,https://www.marine.csiro.au/ipt/resource?r=csiro_nw_shelf_demersal
bbc947ad-48c0-4235-8398-3c92f0fc994a,"eDNA data collected in Suva, Fiji by the PacMAN project",,186065,,,2024-09-09T12:27:46.000Z,,https://nzobisipt.niwa.co.nz/resource?r=pacman_suva_edna
96c7952d-5021-4749-b87e-14b8de026eb0,USGS Great Lakes Science Center Research Vessel Catch Information System Trawl,,186027,,,2018-03-06T20:30:29.000Z,,https://ipt-obis.gbif.us/resource?r=usgs_glsc_rvcat_trawl
debc8f44-f70f-4d30-821e-d3a705f62cfb,"Puget Sound Zooplankton Monitoring Program  (Salish Sea, USA), starting in 2014",,185729,,,2024-12-13T22:36:10.000Z,,https://ipt-obis.gbif.us/resource?r=pszmp-zoop
2bfe9918-63fa-40ff-89b4-b99d67cb88fb,UNESCO eDNA expedition in Ningaloo Coast (Australia): May 2023,,184782,,,2025-11-27T11:10:56.000Z,,https://ipt.obis.org/secretariat/resource?r=edna-ningaloo-coast
f6dc0532-feec-48db-952c-0d0f5b0fb215,Marine metagenomes from the bioGEOTRACES project,,183781,,,2022-09-20T12:42:00.000Z,,https://hosted-datasets.gbif.org/mgnify/MGYS00005294.zip
5ad4244f-895a-4b9c-99be-1f88f5369023,Ecoscope tuna observer data,,183339,,,2025-09-17T10:11:31.000Z,,http://ipt.vliz.be/eurobis/resource?r=observe_tuna
c56bd06c-f51e-4506-9239-584938c0c880,Southeast Area Monitoring and Assessment Program (SEAMAP) South Atlantic,,182568,,,,,http://ipt.obis.org/nonode/resource?r=seamap-sa
afd29291-68e3-4c18-8428-958ef71f87ec,DFO Pacific Groundfish Synoptic Trawl Surveys - West Coast Haida Gwaii,,182450,,,2023-07-20T22:06:02.000Z,,http://ipt.iobis.org/obiscanada/resource?r=wchg
517ac935-af0f-4358-88fb-7093015182af,Australian Museum Marine Invertebrate Collection,,179936,,,2023-06-28T04:41:36.000Z,,https://www.marine.csiro.au/ipt/resource?r=am_marine_inverts
d8b0c3e7-8d1f-4aa3-bce5-7c29e6db578c,NODC World Ocean Database 2001: Plankton Data,,178244,,,2025-09-17T08:39:40.000Z,,https://ipt.vliz.be/eurobis/resource?r=obis_nodc
33926ad1-6fb9-4299-ad94-1ce5c23773d3,UNESCO eDNA expedition in Lagoons of New Caledonia: Reef Diversity and Associated Ecosystems (France): March 2023,,178242,,,2024-12-08T17:22:00.000Z,,https://ipt.obis.org/secretariat/resource?r=edna-lagoons-of-new-caledonia
518c8422-0a94-4926-9e7a-42aaf70002f4,CRED Rapid Ecological Assessments of Coral Population in the Pacific Ocean 2007-2010,,176083,,,,,http://ipt.obis.org/nonode/resource?r=cred_benthic_rea_belt
14408cc8-5d37-46d1-91a9-d838fc339ff9,The Australian Phytoplankton Database (1844 onwards),,176063,,,2023-08-11T11:19:17.000Z,,https://www.marine.csiro.au/ipt/resource?r=imos_apd_data
a419c8da-35ed-4b62-9709-39b56369c44e,Video Annotation and Reference System (VARS) database,,175476,,,,,http://ipt.obis.org/nonode/resource?r=mbari
8e3c1455-da10-4684-94a4-ab851902f05e,OTN Loan - Beiarfjorden,,173617,,,2025-11-05T20:55:47.000Z,,https://members.oceantrack.org/ipt/resource?r=otnntnuloan-beiarfjorden
5e6ee2aa-8155-452b-97e3-14d2835c85a0,NuSEDS - New Salmon Escapement Database System,,172262,,,2022-10-12T21:20:57.000Z,,http://ipt.iobis.org/obiscanada/resource?r=nuseds
01dbc62a-e166-4752-8547-6db4542ec039,"O_SCHIERMONNIKOOG - Eurasian oystercatchers (Haematopus ostralegus, Haematopodidae) breeding on Schiermonnikoog (the Netherlands)",,171132,,,2026-07-27T08:29:30.000Z,,https://ipt.inbo.be/resource?r=o_schiermonnikoog
41a50544-957c-4193-8bbf-25a25f749e85,EPA'S EMAP Database,,170533,,,,,http://ipt.obis.org/nonode/resource?r=emap
bf87156c-a3f4-43e6-9c8c-22e08ab35fc9,UNESCO eDNA expedition in Península Valdés (Argentina): July 2023,,170245,,,2024-12-08T17:25:33.000Z,,https://ipt.obis.org/secretariat/resource?r=edna-peninsula-valdes
b863740b-755c-4ba3-ba0b-8ce30b80f0ec,"Programa de Observadores a Bordo (POBCh) de la Secretaria de Pesca de la Provincia del Chubut, Argentina . Observer On board Program -Fisheries Secretariat of the Province of Chubut-Argentina (OOBPPCh)",,170182,,,2021-05-17T15:51:53.000Z,,http://arobis.cenpat-conicet.gob.ar:8081/resource?r=argentina-secretariapesca
d001ebb9-0fea-4931-9544-048f57b15c0b,"Australian Institute of Marine Science (AIMS) Long-term Monitoring Program: Visual Census Fish Data (Great Barrier Reef), Australia (1992 to present)",,168620,,,2022-06-08T05:26:13.000Z,,https://www.marine.csiro.au/ipt/resource?r=aims_ltmp_fish
e02a51c2-2f8e-42ca-a851-3a8f96c961d5,UNESCO eDNA expedition in iSimangaliso Wetland Park (South Africa): April 2023,,167343,,,2024-12-08T17:23:06.000Z,,https://ipt.obis.org/secretariat/resource?r=edna-isimangaliso-wetland-park
2c6db58f-ae91-4a17-9f0f-7db28506b94f,Earth Sciences New Zealand National Invertebrate Collection (NIC),,164269,,,2026-05-25T00:13:24.000Z,,https://nzobisipt.niwa.co.nz/resource?r=obisspecify
16c29553-c90b-4865-8d45-55de3286b4e0,Animal Demography Unit - South African Bird Ringing Unit (SAFRING),,164258,,,2020-12-02T14:08:49.000Z,,http://ipt.iobis.org/afrobis/resource?r=adu_safring
0ec403c9-23b3-4529-ae51-8a0877f22450,U.S. Virgin Islands Territorial Coral Reef Monitoring Program Database (USVI-TCRMP),,163220,,,2022-06-01T19:54:32.000Z,,https://ipt-obis.gbif.us/resource?r=usvi-tcrmp-database
262979e7-0788-4889-9fec-ef2feedff5b2,Northern Irish Ground Fish Trawl Survey,,163071,,,2025-09-17T09:34:33.000Z,,http://ipt.vliz.be/eurobis/resource?r=ices_datras_bts_viia
011445f1-6c92-484a-9fab-23cba4dca89a,UNESCO eDNA expedition in Tubbataha Reefs Natural Park (Philippines): April 2023,,163054,,,2024-12-08T17:26:24.000Z,,https://ipt.obis.org/secretariat/resource?r=edna-tubbataha-reefs-natural-park
54bc0e9c-e857-4216-a6ce-46cd6ae58cd7,"COI data from: Environmental DNA metabarcoding differentiates between micro-habitats within the rocky intertidal (Shea & Boehm, 2024)",,160081,,,2024-06-03T16:31:49.000Z,,https://ipt-obis.gbif.us/resource?r=shea_boehm_2024
065f0e0e-049b-4bf7-b249-3c76a652e0a9,LifeWatch observatory data: Permanent Cetacean passive acoustic sensor network in the Belgian Part of the North Sea,,159076,,,2025-11-25T09:36:29.000Z,,http://ipt.vliz.be/eurobis/resource?r=lifewatch_cpod
8ea620e9-37d5-4ff6-9a02-0bc94356c2d5,Malacology Collection at the Academy of Natural Sciences of Philadelphia,,158137,,,,,https://invertebase.org/portal/content/dwca/ANSP-MAL_DwC-A.zip
031dba90-d480-419a-a562-be9a34bc5c49,"Queensland WildNet wildlife marine records , Australia (1788-2022)",,158011,,,2026-07-28T04:07:32.000Z,,https://www.marine.csiro.au/ipt/resource?r=acef_qldwildnet
3851d670-56f7-46e1-bfd1-295378e2a910,Movement patterns of Peruvian Boobies off Isla Lobos de Afuera 2007,,156328,,,2025-10-08T01:29:09.000Z,,http://ipt.env.duke.edu/resource?r=zd_1102
a0737a06-66ef-41e7-9458-9c05f53340b5,Australian Museum Ichthyology Collection,,155784,,,2022-06-08T05:32:20.000Z,,https://www.marine.csiro.au/ipt/resource?r=am_ichthyology
473e9343-66e6-43e3-9e16-b56817578a71,"Tracking of Little Penguins (Eudyptula minor) from Montague and Bowen Islands, New South Wales coast, Australia (2012 - 2014)",,153360,,,2022-06-07T05:51:03.000Z,,https://www.marine.csiro.au/ipt/resource?r=maq_uni_little_penguins
724eb292-104f-4e8f-8f26-ffa45a1a3be5,2013_ALBERTKANAAL - Acoustic telemetry data for European eel (Anguilla anguilla) and hatched Salmon (Salmo salar) in the Albert canal (Belgium),,152759,,,2026-06-08T14:20:02.000Z,,https://ipt.inbo.be/resource?r=2013_albertkanaal
832a055e-49ee-40bd-b138-c29cc07606d7,Seabirds of the Southern and South Indian Ocean,,152049,,,2022-07-05T01:18:48.000Z,,https://data.aad.gov.au/ipt/resource?r=seabirds
b4668bbe-4b5f-412a-ae1f-1dae3dedb38a,"Marine Microbes from RV Investigator voyage IN2015_C02, Australia (2015)",,150136,,,2022-06-24T08:52:21.000Z,,https://www.marine.csiro.au/ipt/resource?r=bioplatforms_mm_in2015_c02
0d2c75a7-2c0f-416a-9d7a-9b8594a09b6f,ImageDOP Bentic Video Annotations in the Faial-Pico Channel in 2011,,148142,,,2025-09-17T08:39:28.000Z,,http://ipt.vliz.be/eurobis/resource?r=imagedop_video_annotations
ec81f563-539b-450d-8d6a-ede0b370c4a9,UNESCO eDNA expedition in Belize Barrier Reef Reserve System (Belize): April 2023,,147830,,,2024-12-08T17:19:44.000Z,,https://ipt.obis.org/secretariat/resource?r=edna-belize-barrier-reef-reserve-system
615897dc-a685-4335-a581-7e30adeae07f,Dutch long term monitoring of phytoplankton in the Dutch Continental Economical Zone of the North Sea,,147642,,,2025-09-17T10:13:38.000Z,,http://ipt.vliz.be/eurobis/resource?r=mwtl_phytoplankton
d6af0fac-8a21-4d77-8872-f10d471fc0cf,CAS Ichthyology (ICH),,146839,,,2026-08-24T22:36:45.000Z,,http://ipt.calacademy.org:8080/resource?r=ich
b9915edd-16b0-4aa9-9a0d-3d14574cfb61,"Finnish Baltic Sea phytoplankton monitoring, KPLANK database",,146110,,,,,http://ipt.vliz.be/eurobis/resource?r=kplank_database
e59f3fe1-8594-4dc4-81a2-58ddfa2a4026,FRA-PLANKTON DATASET,,145760,,,2026-04-24T07:25:15.000Z,,https://www.godac.jamstec.go.jp/ipt/resource?r=fra-plankton
982d4bc2-c3f1-4018-befd-ed34b101e4b1,"South TX Outer Continental Shelf and MI, AL, and FL Outer Continental Shelf benthic organism sampling 1974-1978",,144730,,,,,http://ipt.obis.org/nonode/resource?r=stocs_mafla_benthic
01f35f39-0c59-48de-a9b3-5cdaa050665b,Movement patterns of Peruvian Boobies off Isla Lobos de Tierra 2006,,143563,,,2025-10-08T01:34:19.000Z,,http://ipt.env.duke.edu/resource?r=zd_1104
4e88f9c8-868e-4b0a-bc48-3d409a5448fe,UWFC Ichthyology Collection,,142966,,,2019-03-15T20:53:54.000Z,,https://ipt.vertnet.org/resource?r=uwfc_fish
5b9d8c82-3fdf-4aa3-8eaf-5399902a84ef,Atlantic Zone Monitoring Program (AZMP) DFO Quebec region phytoplankton,,142391,,,2026-02-11T18:14:15.000Z,,http://ipt.iobis.org/obiscanada/resource?r=biochem_azmp_quebec_p
e5947aa3-8d18-425b-958e-36fe264bf2c8,NTNU River Nidelva Project,,142212,,,2026-06-15T16:44:23.000Z,,https://members.oceantrack.org/ipt/resource?r=otnntnuntnurivernidelvapr
e84e4864-bb77-486d-9940-d784014dd2fc,"Marine Invertebrate voucher specimens at the Florida Biodiversity Collection, Florida Fish and Wildlife Conservation Commission",,141137,,,2022-03-30T14:27:05.000Z,,https://ipt-obis.gbif.us/resource?r=fwc_marine_inverts_collection
7162b701-3ac2-47cd-b5b7-9a3f7bd2a264,SHARK - National marine environmental monitoring of zooplankton in Sweden since 1979,,140795,,,2024-06-17T11:44:01.000Z,,https://www.gbif.se/ipt/resource?r=shark-zooplankton-nat
50f636cf-9dd4-4cb8-84a3-7105393bfdd7,Maritimes Fall Research Vessel Surveys,,140654,,,2022-03-23T16:08:05.000Z,,http://ipt.iobis.org/obiscanada/resource?r=maritimes_fall_rv_surveys
93a9fa98-cb0a-4668-b643-459771f002ae,Kintama 2004-2011 tags,,140151,,,2025-11-06T22:28:10.000Z,,https://members.oceantrack.org/ipt/resource?r=otnkrskintama2004-2011tag
8cc19b28-61c5-419b-8096-4688312ef55a,Swedish Board of Fisheries (Fiskeriverket) - Institute of coastal research,,140076,,,2025-06-11T12:47:51.000Z,,http://ipt.vliz.be/eurobis/resource?r=gbif_1032
ce1d93f3-8b0f-4ee7-9a4d-0393a6ec7fea,Atlantic Reference Centre Museum of Canadian Atlantic Organisms - Invertebrates and Fishes Data,,139178,,,2021-04-16T11:04:53.000Z,,http://ipt.iobis.org/obiscanada/resource?r=arc
e08b177f-b3a2-4158-9be9-dd012eab4a0d,Grey seals GPS telemetry in Molene Archipelago,,138872,,,2025-10-08T12:47:32.000Z,,http://ipt.env.duke.edu/resource?r=zd_2028
8bfde718-49f9-4671-9333-c9f1c9057055,Amplicon sequencing of Tara Oceans Polar Circle DNA samples corresponding to size fractions for protists.,,137216,,,2025-07-31T13:16:00.000Z,,https://hosted-datasets.gbif.org/mgnify/MGYS00006609.zip
9a432a37-d1ec-4f9e-99ed-02168af5c7ee,UNESCO eDNA expedition in Lord Howe Island Group (Australia): January 2023,,137187,,,2024-12-08T10:00:35.000Z,,https://ipt.obis.org/secretariat/resource?r=edna-lord-howe-island-group
63187f4a-1af9-4611-8f05-e806676ab55b,"Marine data from Natural Resources Wales (NRW) Technical Support (Research & Monitoring) Contracts, Wales",,136379,,,,,http://ipt.vliz.be/eurobis/resource?r=gbif_13999
e668dcb3-24cd-4d87-8835-e14d1961cccd,BIS dataset of the south-western part of Netherlands (1985-2004),,135750,,,2025-09-17T08:32:07.000Z,,http://ipt.vliz.be/eurobis/resource?r=largenet_n1
71c2c816-7e94-40b9-8e28-8172d9c5fefb,NOAA Ocean Exploration seawater eDNA metabarcoding (EX2301),,135234,,,2026-05-06T13:15:26.000Z,,https://ipt-obis.gbif.us/resource?r=noaa-oer-okeanos-ex2301
e5846b59-7939-439b-86f1-90e5cf9860ee,UNESCO eDNA expedition in Banc d'Arguin National Park (Mauritania): May 2023,,134069,,,2024-12-08T17:20:14.000Z,,https://ipt.obis.org/secretariat/resource?r=edna-banc-d-arguin-national-park
8535064e-c380-4c8b-b21c-d98494265bf3,Bio-GO-SHIP: Global marine 'omics studies of repeat hydrography transects,,133465,,,2025-07-31T11:40:00.000Z,,https://hosted-datasets.gbif.org/mgnify/MGYS00006028.zip
2101d4c5-c20b-49c0-a44b-3d6484c4c891,Observatoire Pelagis aerial surveys 2002-2021,,133351,,,2025-10-08T03:06:43.000Z,,http://ipt.env.duke.edu/resource?r=zd_1404
5055f146-1a0a-41be-a747-24968c2cf584,Ecological Baseline Studies of the U.S. Outer Continental Shelf Option Year 1,,132078,,,2026-04-28T16:29:51.000Z,,http://ipt.env.duke.edu/resource?r=zd_2065
49254f74-470d-4a36-9a8a-06b126634893,Continuous Plankton Recorder Dataset (Pacific CPR Survey) - Phytoplankton,,130654,,,2024-12-19T17:25:50.000Z,,https://www.dassh.ac.uk/ipt/resource?r=pacific-cpr-phyto
1edde9e5-a9e1-47eb-b509-23c507b2d8d7,Fin whales localized acoustic detections in Hawaiian waters 2017-2023,,130402,,,2025-10-15T16:11:02.000Z,,https://ipt.env.duke.edu/resource?r=zd_2324
5c37fe6f-16d7-4da2-a591-fb4420fc217f,Marine Life Information Network (MarLIN) marine survey data (Professional),,129105,,,2025-09-17T10:12:47.000Z,,http://ipt.vliz.be/eurobis/resource?r=nbn_ga000178
a213f336-5170-4fa5-9942-775fa16b8aee,Dataset on spatiotemporal variation of microbial plankton communities in the Baltic Sea,,129076,,,2025-07-31T14:27:00.000Z,,https://hosted-datasets.gbif.org/mgnify/MGYS00006678.zip
56e55f76-6dda-403d-805b-f8922fa1766d,Taxonomically comprehensive assessment of biodiversity of animal plankton throughout the world ocean,,127550,,,,,http://ipt.obis.org/nonode/resource?r=cmarz
43d19bf8-4d49-413b-bedb-4fa4547714fa,"Finnish Baltic Sea benthic monitoring, POHJE database",,127191,,,2026-02-11T10:56:01.000Z,,http://ipt.vliz.be/eurobis/resource?r=pohjedatabase
310c472e-f60e-4ee6-9730-5e74529a21da,Microbiome eDNA preservation study using water samples from Crete (16S rRNA),,126478,,,2026-07-09T09:30:35.000Z,,https://ipt.medobis.eu/resource?r=edna-16s-water
c0b6c8f2-19f6-4a65-9acc-b84337f17058,GPS locations of Northern Gannets season 2014 / Localisations GPS de fous de Bassan saison 2014,,126198,,,2023-05-15T15:56:41.000Z,,https://ipt.iobis.org/obiscanada/resource?r=gps_trackingnortherngannets2014
cbb0b14b-27f9-4b4d-a650-e55bdb322a7f,Datos de monitoreo asociados al indicador de condición tendencias para arrecifes coralinos - ICTac,,125818,,,2022-03-07T19:17:44.000Z,,https://ipt.biodiversidad.co/sibm/resource?r=invemar_pitac_ecoralina
5dc02afb-4626-4da5-a9f7-5f016230a060,"Marine Microbes from RV Southern Surveyor voyage SS2013_T03, Australia (2013)",,125775,,,2022-06-25T02:43:19.000Z,,https://www.marine.csiro.au/ipt/resource?r=bioplatforms_mm_ss2013_t03
67d7afbf-4611-459b-9903-f06ba007626e,Zostera Marina Ammonification environmental,,125625,,,2022-09-20T12:42:00.000Z,,https://hosted-datasets.gbif.org/mgnify/MGYS00002439.zip
8d5f0a2e-6434-4107-9d9e-ba95d38b7250,North Atlantic samples for BCO-DMO (CPR Survey),,125086,,,2024-12-20T00:00:11.000Z,,https://www.dassh.ac.uk/ipt/resource?r=bco-dmo
28621175-b49c-4fbf-9f60-9b82d78b7b0c,European Green Crab surveys - DFO Pacific,,124912,,,2023-02-10T20:29:52.000Z,,http://ipt.iobis.org/obiscanada/resource?r=egc_surveys
e7e44151-7da9-41b3-bbf2-fa6277bb4914,Coral,,122053,,,2022-09-20T12:42:00.000Z,,https://hosted-datasets.gbif.org/mgnify/MGYS00002550.zip
f7d8aa43-cdfe-4be2-82a6-88ee33c5c60c,Biogeographic data from BODC - British Oceanographic Data Centre,,121391,,,2025-09-17T08:33:56.000Z,,http://ipt.vliz.be/eurobis/resource?r=bodc
d1001fdc-d4a2-4d01-bcd2-2e122f2ca537,Biodiversity of the Gulf of Mexico Database (BioGoMx),,121118,,,,,http://ipt.obis.org/nonode/resource?r=biogomx
25f252e8-a2a6-4847-bda4-6045650b761f,SHARK - Phyto- and Microzooplankton Data Collected by Imaging FlowCytobots (IFCB) in Swedish and Adjacent Waters,,121103,,,2025-02-28T13:55:13.000Z,,https://www.gbif.se/ipt/resource?r=shark-planktonimaging
a369bde0-f95f-46bc-881d-aa619ddcfdb3,DFO-NL Atlantic Cod Telemetry,,120395,,,2026-06-15T16:29:31.000Z,,https://members.oceantrack.org/ipt/resource?r=otndfo-nflddfo-nlatlantic
cdcddae2-a8e0-4c86-9e8d-f85134876937,PANGAEA - Data from various sources,,120267,,,2025-09-17T08:42:13.000Z,,http://ipt.vliz.be/eurobis/resource?r=pangaea_2722
eafc5948-d0db-4974-9114-bea6ecc97157,NOAA Ocean Exploration seawater eDNA metabarcoding (EX2107),,118878,,,2026-05-06T13:19:22.000Z,,https://ipt-obis.gbif.us/resource?r=noaa-oer-okeanos-ex2107
97d434fe-2a1b-47ab-8b76-7789685bf116,"CSIRO, Soviet Fishery Data, Australia, 1965-1978",,118073,,,2022-09-13T06:03:31.000Z,,https://www.marine.csiro.au/ipt/resource?r=csiro_soviet_fishery_data
50903a57-ee9f-4367-b2cd-0b36dcf4a6ad,Catch data from New Zealand research trawls since 2008,,117421,,,2019-11-27T08:43:37.000Z,,https://nzobisipt.niwa.co.nz/resource?r=trawl
bf8259cd-0738-4d2b-9f87-8c7ba8603587,Multi-decadal shifts in fish community diversity across a dynamic biogeographic transition zone,,114592,,,2025-09-17T08:30:42.000Z,,http://ipt.vliz.be/eurobis/resource?r=multi-decadal_shifts_fish_community_diversity
f1ad2d12-8f7e-4b56-848c-ffa9c6103eb1,SHARK - National marine environmental monitoring of zooplankton in Sweden since 1979,,114303,,,2024-07-02T15:56:41.000Z,,http://ipt.vliz.be/eurobis/resource?r=shark-zooplankton-nat
805f5624-1265-4447-836d-881c857f11c0,Algaebase,,113666,,,2025-09-17T08:33:01.000Z,,https://ipt.vliz.be/eurobis/resource?r=algaebase
7e4228e5-a962-4b01-952f-7bf33e213a9c,BioChem: Sameoto zooplankton collection,,113404,,,2026-02-11T18:16:59.000Z,,http://ipt.iobis.org/obiscanada/resource?r=dfo_biochem_sameoto
4bbfb75e-7b41-4f8f-b475-051d8c21860a,Sistema de Monitoreo de Arrecifes Coralinos - SIMAC: Estructura Coralina,,113004,,,2024-09-19T15:37:10.000Z,,https://ipt.biodiversidad.co/sibm/resource?r=simac_cobertura_coralina
fe14d4f4-a1ab-4b2b-a433-dfdb0453f555,Ecological Genomics of a Seasonally Anoxic Fjord; Saanich Inlet,,112804,,,2022-09-22T08:44:00.000Z,,https://hosted-datasets.gbif.org/mgnify/MGYS00005850.zip
a6e50f41-d5b1-4761-80b3-b690452350c9,"Marine Microbes from RV Southern Surveyor voyage SS2012_T07, Australia (2012)",,112688,,,2022-06-25T06:34:52.000Z,,https://www.marine.csiro.au/ipt/resource?r=bioplatforms_mm_ss2012_t07
09939bb8-6425-4e05-9e54-f55d03f6c762,Ocean Salmon Program - Barkley Sound Juvenile Salmon Study from 1987 to 1994,,112533,,,2022-03-23T16:25:22.000Z,,http://ipt.iobis.org/obiscanada/resource?r=osp_barkley-sound_juvenile-salmon
685b3956-c37a-433a-b661-2bb7b11cf9f8,Soviet Trawl Fishery Data (New Zealand Waters) 1964-1987,,111883,,,2020-02-12T07:58:04.000Z,,https://nzobisipt.niwa.co.nz/resource?r=mbis_soviettrawl
d6d6fe4c-425f-4ce7-bf28-7a6befaeb413,National Museum of Natural History Vertebrate Zoology Fishes Collections,,111811,,,,,http://ipt.obis.org/nonode/resource?r=nmnh-vzfishes
a5f015fd-b53f-43f6-a8b6-f725775e4845,Marine invertebrate collection NTNU University Museum,,111188,,,2026-08-24T12:01:41.000Z,,https://ipt.gbif.no/resource?r=trh_marine_invertebrate_collection
f3f5f40c-de45-4f03-b8d7-a4600ae33211,2012_LEOPOLDKANAAL - Acoustic telemetry data for European eel (Anguilla anguilla) in a polder area in Flanders (Belgium),,110732,,,2026-06-08T14:03:40.000Z,,https://ipt.inbo.be/resource?r=2012_leopoldkanaal
7dd348df-5e3b-4b37-8758-7a01e1234555,"IMOS - AATAMS Facility Satellite Relay Tagging Program - Satellite tracking of pinnipeds - Delayed mode data, 2007-2017",,109727,,,2023-08-11T11:21:20.000Z,,https://www.marine.csiro.au/ipt/resource?r=imos_aatams
2c6aa97e-e886-4564-a55a-48e2e506f014,"O_BALGZAND - Eurasian oystercatchers (Haematopus ostralegus, Haematopodidae) wintering on Balgzand (the Netherlands)",,109032,,,2026-07-27T08:23:44.000Z,,https://ipt.inbo.be/resource?r=o_balgzand
52076a40-4d20-4ebc-8e08-3c47adb388eb,Mackerel and horse mackerel eggs,,108225,,,2024-09-09T16:57:55.000Z,,http://ipt.vliz.be/eurobis/resource?r=megs
25e116e0-70ad-41a5-a659-cfb16967e1a9,"Marine Microbes from RV Southern Surveyor voyage SS2012_V04, Australia (2012)",,107395,,,2022-06-25T04:47:08.000Z,,https://www.marine.csiro.au/ipt/resource?r=bioplatforms_mm_ss2012_v04
51a7cabf-0d4e-4c77-afc5-6111cef8cdcb,Aerial digital survey of ecological studies for offshore wind energy development in Mid-Atlantic Bight,,107160,,,2025-10-08T14:01:42.000Z,,https://ipt.env.duke.edu/resource?r=zd_2271
882635db-311e-4462-8c1d-0476f2e9abf3,SERC Blue Catfish Study,,106865,,,2026-06-03T15:32:31.000Z,,https://members.oceantrack.org/ipt/resource?r=otnsercsercbluecatfishstu
c28a98ea-84bc-4930-8d82-778ed7402269,"Phytoplankton composition, biomass and abundance in Estonian territorial waters 1993-2016",,106862,,,2025-09-17T08:37:46.000Z,,http://ipt.vliz.be/eurobis/resource?r=phytoplankton_data_from_estonian_marine_monitoring_1993-2016
e523fc3e-cdaf-4f86-b102-d4ce81112ef5,EMOSE (2017) Inter-Comparison of Marine Plankton Metagenome Analysis Methods,,106735,,,2022-09-22T08:44:00.000Z,,https://hosted-datasets.gbif.org/mgnify/MGYS00001935.zip
ce3c5c7d-daa0-42ed-9cdb-7100b1274b55,DFO Quebec Region Ecosystemic bottom trawl surveys 2004-2022,,106407,,,2025-02-06T21:22:43.000Z,,http://ipt.iobis.org/obiscanada/resource?r=dfo_quebec_groundfish
31b17f30-52ff-4fb7-9a43-dba1eee8385c,"Marine Commercial Fish Survey (FV Kapala, FV Trader Horn, FV Shelley, FV Kirrawa, FV May Bell) in the East and South East Australian Region from 1975 to 2008",,103716,,,2023-06-28T03:47:06.000Z,,https://www.marine.csiro.au/ipt/resource?r=kapala
fa6daffa-808f-463f-96be-8b7b5801b3c9,ANTAVIA TrackingKing,,102454,,,2019-03-19T14:48:15.000Z,,https://ipt.biodiversity.aq/resource?r=antavia-tracking-king
dd454329-e8bd-49b7-9ce5-bf8404fc51fe,Development and validation of a multi-trophic metabarcoding biotic index for benthic organic enrichment biomonitoring using a salmon farm case-study.,,99553,,,2022-09-20T12:42:00.000Z,,https://hosted-datasets.gbif.org/mgnify/MGYS00002724.zip
00f46ccf-ae3a-4a81-a909-4a8eec3a0733,Consequences of land-use change and human activity on anadromous salmonids and the ecosystem services that they provide,,98390,,,2026-06-15T16:49:41.000Z,,https://members.oceantrack.org/ipt/resource?r=otnntnuconsequencesofland
87ce3660-7fe5-4ce5-8a8b-b818eec9f69d,GPS locations of Northern Gannets season 2016 / Localisations GPS de fous de Bassan saison 2016,,98320,,,2023-05-15T16:08:39.000Z,,https://ipt.iobis.org/obiscanada/resource?r=gps_trackingnortherngannets2016
6f7372ff-0199-4e51-9728-69cb536aaa14,BioChem: Atlantic Zone Monitoring Program (AZMP) Quebec Region zooplankton collection,,97818,,,,,http://ipt.obis.org/nonode/resource?r=biochem_azmp_quebec
d50e0443-4d84-4bd9-a5ad-4d417a7607e2,Florida Keys Reef Visual Census 2009,,97617,,,2025-06-03T16:55:55.000Z,,https://ipt-obis.gbif.us/resource?r=2009floridakeysrvc
f9519833-32a2-4a6a-bfca-0680bbce8976,NOAA Ocean Exploration seawater eDNA metabarcoding (EX2203),,97580,,,2026-05-06T13:23:26.000Z,,https://ipt-obis.gbif.us/resource?r=noaa-oer-okeanos-ex2203
297ec080-aa06-4400-85ed-082befd70052,"UNESCO eDNA expedition in Gulf of Porto: Calanche of Piana, Gulf of Girolata, Scandola Reserve (France): March 2023",,97161,,,2024-12-08T17:22:15.000Z,,https://ipt.obis.org/secretariat/resource?r=edna-gulf-of-porto
7776642c-95ee-466c-890a-f95d4d87e51c,ANEMOON Beach washup monitoring  (SMP) data along the Dutch coastline  collected through citizen science.,,96775,,,2025-05-01T11:27:40.000Z,,https://ipt.nlbif.nl/resource?r=anemoon_smp_1977_2024
5eadc9bf-ceb9-493f-ba9d-04e62870766e,Benthic Network,,96143,,,2025-09-17T08:30:13.000Z,,http://ipt.vliz.be/eurobis/resource?r=rebent_ifremer
2d42a7a4-9f25-42e7-8804-7efe2be03302,Spatiotemporal Baltic Sea area 16S metabarcoding from three projects performed in 2015-2017 (+storage test 2019),,96108,,,2026-05-04T12:00:43.000Z,,https://www.gbif.se/ipt/resource?r=prjeb84926-16s
6c77ad5e-e635-4c2a-b389-e11676f20137,"SPOONBILL_VLAANDEREN - Eurasian spoonbills (Platalea leucorodia, Threskiornithidae) in Flanders (Belgium)",,94965,,,2026-08-17T14:05:45.000Z,,https://ipt.inbo.be/resource?r=spoonbill_vlaanderen
c80e637a-8cf3-484a-b6b0-587b1a7893e9,Global benthic biogeographical regions and macroecological drivers for ophiuroids [Data set],,94235,,,2023-11-30T04:16:41.000Z,,https://www.marine.csiro.au/ipt/resource?r=ophiuroids_database
73f9dadc-c306-4adf-ae4c-e0e8bcce2cd0,NOAA Ocean Exploration seawater eDNA metabarcoding (EX2206),,94228,,,2026-05-06T13:23:39.000Z,,https://ipt-obis.gbif.us/resource?r=noaa-oer-okeanos-ex2206
f7e3baa2-48c9-47d9-9219-0a457615d610,DFO Central and Arctic Multi-species Stock Assessment Surveys,,93527,,,2022-03-29T20:38:57.000Z,,http://ipt.iobis.org/obiscanada/resource?r=obis_dfo_cna_multispeciessurveys
0ff4be1c-4f94-4599-b782-b7cb8f5db151,Ecological Baseline Studies of the U.S. Outer Continental Shelf Option Year 2,,93147,,,2026-04-28T16:37:27.000Z,,http://ipt.env.duke.edu/resource?r=zd_2161
833fad77-7f14-496f-af83-a2fdb47c0cb4,Canadian Maritimes Fishermen and Scientists Research Society Lobster Recruitment Index from Standard Traps,,93130,,,2026-02-13T17:53:01.000Z,,http://ipt.iobis.org/obiscanada/resource?r=obis_fsrs_lobsterrecruitmentdb
31677373-22f8-4688-940b-9921d4595bee,Galapagos Subtidal Biodiversity,,92553,,,2024-01-04T15:41:57.000Z,,https://ipt.iobis.org/caribbeanobis/resource?r=galapagos_charlesdarwinfoundation
fa51d189-02f1-4b88-b33a-c10442e70c51,"CSIRO, South East Fishery Habitat Ecosystem Study, Southeast Australia, 1993-1997",,92185,,,2022-11-11T11:37:04.000Z,,https://www.marine.csiro.au/ipt/resource?r=csiro_sefhes
924b2a55-0735-49ff-bf4d-03b810797268,UNESCO eDNA expedition in Aldabra Atoll (Seychelles): April 2023,,92141,,,2026-04-29T08:43:55.000Z,,https://ipt.obis.org/secretariat/resource?r=edna-aldabra-atoll
b8a0d284-fa0a-4a20-8d27-0e736a42ae25,Marine and Coastal Management - Copepod Surveys,,91705,,,2020-12-02T14:08:59.000Z,,http://ipt.iobis.org/afrobis/resource?r=mcm_copepod
ebe7ffad-b134-40d3-b3df-21b675c4bcb1,"Marine species data for Scottish waters held and managed by Scottish Natural Heritage, derived from benthic surveys 1993 to 2012",,91152,,,,,http://ipt.vliz.be/eurobis/resource?r=nbn_ga000173
2e9e9830-d7cf-43f3-ba38-12ac06a7c0ba,Discovery Collections Midwater Database,,90564,,,2021-12-14T13:40:35.000Z,,http://ipt.iobis.org/obis-deepsea/resource?r=midwater_database
f62024d7-1126-41a8-8dde-ff257d232c4d,Ecoscope Observation Database,,89673,,,2025-09-17T09:13:43.000Z,,http://ipt.vliz.be/eurobis/resource?r=ecoscope_observation_database
924c4d25-6358-44a3-8f4d-24086256ad3e,Observatoire Pelagis boat surveys 2003-2021,,87986,,,2025-10-08T03:03:13.000Z,,http://ipt.env.duke.edu/resource?r=zd_1403
1058cb10-c377-4fa0-984f-4fa9a2e92baf,mabik_cr,,87841,,,2025-12-11T07:06:15.000Z,,https://www.mbris.kr/ipt/resource?r=mabik_cr
b69f0512-c185-4adc-bf8b-0239fab76c69,mabik_al,,87389,,,2025-12-11T06:53:00.000Z,,https://www.mbris.kr/ipt/resource?r=mabik_al
12381619-5331-4665-8abf-df4bf4763e9a,Dutch national shellfish monitoring in the coastal zone,,87309,,,2025-09-17T08:34:16.000Z,,http://ipt.vliz.be/eurobis/resource?r=dutch_shellfish_monitoring
b4ac3d44-b4bf-49ef-a6e9-e2c02adff2fa,Dry Tortugas Reef Visual Census 2012,,87042,,,2025-06-03T16:56:30.000Z,,https://ipt-obis.gbif.us/resource?r=drytortugasreefvisualcensus2012
aa60750c-4921-43e1-8146-7b16aad675ac,CRED Rapid Ecological Assessment of Benthic Habitat Cover in the Pacific Ocean 2005-2010,,85926,,,,,http://ipt.obis.org/nonode/resource?r=cred_benthic_rea_lpi
78f97784-2904-4e60-8aed-defe1e6b4b24,IBSS historical data from different cruises,,85604,,,2025-09-17T10:12:24.000Z,,http://ipt.vliz.be/eurobis/resource?r=ibsshistorical
03b75eb2-4672-42de-8211-f7c1daa39648,National Coral Reef Monitoring Program: Assessment of fish communities in the Florida Keys during 2018,,85588,,,2024-05-10T13:41:48.000Z,,https://ipt-obis.gbif.us/resource?r=floridakeysreefvisualcensus2018
ca78b5b9-d4e4-4ab0-bbe1-9f75659769e2,Digital Aerial Baseline Survey of Marine Wildlife in Support of Offshore Wind Energy - OPA 2017,,84878,,,2026-04-28T16:26:28.000Z,,http://ipt.env.duke.edu/resource?r=zd_1994
7e1f81d3-fe7a-48e8-9a44-fe62c8ca302a,ICES Fish stomach contents dataset,,84778,,,2025-09-17T09:12:40.000Z,,http://ipt.vliz.be/eurobis/resource?r=ices_stomach_content_data
bcd1a4f5-c99b-404d-b01a-47e8a5d80e2b,National Coral Reef Monitoring Program: Assessment of fish communities in the Florida Keys during 2014,,83803,,,2023-07-12T21:49:03.000Z,,https://ipt-obis.gbif.us/resource?r=floridakeysreefvisualcensus2014
5eacd6fb-0eea-416e-a1e4-cc0abb82b688,National Coral Reef Monitoring Program: Assessment of fish communities in the Florida Keys during 2016,,83750,,,2023-07-12T21:48:04.000Z,,https://ipt-obis.gbif.us/resource?r=floridakeysreefvisualcensus2016
03abaf26-06b4-40ef-b850-314591d0c648,Coral-associated bacteria demonstrate phylosymbiosis and cophylogeny,,83682,,,2022-09-20T12:42:00.000Z,,https://hosted-datasets.gbif.org/mgnify/MGYS00005318.zip
ca5295cf-e436-4ab2-8374-2a72e6934693,Sediment Metagenome Raw sequence reads,,83550,,,2022-09-20T12:42:00.000Z,,https://hosted-datasets.gbif.org/mgnify/MGYS00004702.zip
d4091591-a085-4cfa-9734-5f0ecf5564a8,Maine Department of Marine Resources Inshore Trawl Survey 2000-2019  ,,82763,,,2022-06-28T17:44:35.000Z,,https://ipt-obis.gbif.us/resource?r=me_dmr_trawl
80afee46-3e18-4669-ad1b-00f71b0544f5,Rocky Subtidal Fish and Invertebrate Community Surveys from the Central Coast of BC,,81714,,,2026-05-12T21:10:07.000Z,,https://ipt.iobis.org/obiscanada/resource?r=rocky-subtidal-fish-and-invertebrate-community-surveys-bc
d2916eda-91c1-4c15-8dab-51da044595a4,Zooplankton data from central and northern Strait of Georgia,,81544,,,2022-03-29T20:48:26.000Z,,http://ipt.iobis.org/obiscanada/resource?r=zoopl_sofg
05d3a928-d9de-4855-ac9c-137d12d3a3cb,2015_PHD_VERHELST_EEL - Acoustic telemetry data for European eel (Anguilla anguilla) in the Scheldt estuary and southern North Sea (Belgium),,81324,,,2026-06-08T14:25:38.000Z,,https://ipt.inbo.be/resource?r=2015_phd_verhelst_eel
5702d4da-3041-4601-94f7-7a2e3c6e722c,National Coral Reef Monitoring Program: Assessment of fish communities in the Dry Tortugas during 2014,,81191,,,2023-07-24T09:41:11.000Z,,https://ipt-obis.gbif.us/resource?r=drytortugasreefvisualcensus2014
002eea41-acbf-4d60-ad84-6f4e3c46d9be,Tonga reef fish survey data 2016-2018,,80990,,,2022-06-17T03:37:19.000Z,,https://nzobisipt.niwa.co.nz/resource?r=tongareefsurvey2016
e09c824c-cbd8-4529-b382-5306b2b3a875,Marine biodiversity atlas of the Balearic Sea,,80988,,,2025-09-17T08:34:45.000Z,,http://ipt.vliz.be/eurobis/resource?r=atlas_baleares
9f5b9693-204a-443e-8f8d-476d0bdd853b,"UNESCO eDNA expedition in Shark Bay, Western Australia (Australia): October 2022",,80976,,,2024-12-08T10:33:25.000Z,,https://ipt.obis.org/secretariat/resource?r=edna-shark-bay-western-australia
3b1da04e-7b8d-4080-ba17-d29909d6d95b,"O_AMELAND - Eurasian oystercatchers (Haematopus ostralegus, Haematopodidae) breeding on Ameland (the Netherlands)",,80869,,,2026-07-27T08:12:01.000Z,,https://ipt.inbo.be/resource?r=o_ameland
7b287c91-12e9-478c-bff5-1dc65c74bc59,DEEPEND: Microbiome and bacterioplankton rRNA gene sequence data collected from Gulf of Mexico seawater samples. Cruises DP03 and DP04 from Jan 2016 - December 2016,,80377,,,2022-09-20T12:42:00.000Z,,https://hosted-datasets.gbif.org/mgnify/MGYS00002437.zip
1e764c93-ace6-4fe0-874b-4bdcd9e0251f,The molluscs collection (IM) of the Muséum national d'Histoire naturelle (MNHN - Paris) in the southwest Pacific region,,80057,,,2020-06-07T20:59:43.000Z,,https://nzobisipt.niwa.co.nz/resource?r=mnhn-molluscs
81052564-3563-4036-9031-872cb056e936,"Fauna Atlas N.T. - marine records, Northern Territory, Australia",,80039,,,2022-06-08T03:16:08.000Z,,https://www.marine.csiro.au/ipt/resource?r=fauna_atlas_nt
5173de13-ca01-44e0-bb59-9b9dfda40266,Demersal and mega-benthic species from the MEDITS (Mediterranean International Trawl Survey) project on the Spanish continental shelf between 1994 and 2009,,79763,,,2025-06-11T11:48:07.000Z,,http://ipt.vliz.be/eurobis/resource?r=medits-spain-v2
b741690a-4075-47c7-856b-c89fa4ae408d,L4 fungal time series,,79686,,,2025-07-31T15:36:00.000Z,,https://hosted-datasets.gbif.org/mgnify/MGYS00006690.zip
bb0b9375-c875-4cb6-8889-6f783e1015be,NORIPMN12022 Env Template BIO,,79487,,,2026-04-20T18:08:13.000Z,,https://datasets.obis.org/hosted/isa/noripmn12022_env_bio/index.html
f5b2a495-bfda-4b58-9913-63c22803161d,"UNESCO eDNA expedition in The Wadden Sea (Denmark, Germany, The Netherlands): April 2023",,79151,,,2024-12-08T17:25:50.000Z,,https://ipt.obis.org/secretariat/resource?r=edna-wadden-sea
15f62c60-6c01-4b39-b611-bb16c0905abd,Bacterial 16s Amplicon Sequencing of the Atlantic Ocean,,78278,,,2022-09-20T12:42:00.000Z,,https://hosted-datasets.gbif.org/mgnify/MGYS00001073.zip
3def1bb5-cf33-401f-bb81-6819ac7e77db,Eukaryotic microbial community at the LTER site Helgoland Roads,,77805,,,2025-07-31T15:12:00.000Z,,https://hosted-datasets.gbif.org/mgnify/MGYS00006688.zip
bca0315c-0ea2-4a15-bfca-f1ea7853ee6c,UNESCO eDNA expedition in Everglades National Park (United States): April 2023,,77606,,,2024-12-08T17:23:52.000Z,,https://ipt.obis.org/secretariat/resource?r=edna-everglades-national-park
6808176f-ffe5-4f24-a7ec-b3fb4b630a28,Long-term cetacean monitoring in the Azores based on whale watching observations (2009-2020),,77572,,,2025-09-17T09:48:54.000Z,,http://ipt.vliz.be/eurobis/resource?r=monicet
05fe0873-13d5-485a-a7cc-2f4a90ea6398,UNESCO eDNA expedition in The Sundarbans (Bangladesh): February 2023,,77039,,,2024-12-08T17:26:28.000Z,,https://ipt.obis.org/secretariat/resource?r=edna-the-sundarbans
208bbf73-5dac-4d20-a017-5fc7d18a5b48,Florida Keys Reef Visual Census 2011,,76543,,,2025-06-03T16:58:29.000Z,,https://ipt-obis.gbif.us/resource?r=floridakeysreefvisualcensus2011
5b7fb48c-80ce-4126-bf4d-8b68e1862139,2015_PHD_VERHELST_COD - Acoustic telemetry data for Atlantic cod (Gadus morhua) in the Scheldt estuary and southern North Sea (Belgium),,76314,,,2026-06-08T14:23:40.000Z,,https://ipt.inbo.be/resource?r=2015_phd_verhelst_cod
531637ff-203d-447a-8595-519080144a1d,Finnish Baltic Sea zooplankton monitoring,,76301,,,2026-02-09T13:18:07.000Z,,https://ipt.vliz.be/eurobis/resource?r=syke-zplank
33f39020-dfb7-4d45-bee3-9e3910792d9d,Florida Keys Reef Visual Census 2012,,76253,,,2025-06-03T16:59:48.000Z,,https://ipt-obis.gbif.us/resource?r=2012floridakeys
4f5a16d8-0503-4452-af87-fa70b97721ef,"North Sea cod and plaice egg surveys (2004, 2009)",,75713,,,2024-09-09T16:57:55.000Z,,http://ipt.vliz.be/eurobis/resource?r=cp-eggs
c8705088-d0be-4a84-985b-c2cabcbc0879,UNESCO eDNA expedition in Archipiélago de Revillagigedo (Mexico): April 2023,,75556,,,2026-04-09T20:46:02.000Z,,https://ipt.obis.org/secretariat/resource?r=edna-archipielago-de-revillagigedo
52f99f08-fc90-4684-aea8-a015150968ea,Puerto Rico Long-Term Coral Reef Monitoring Program Database Compilation,,74892,,,2022-02-13T16:17:39.000Z,,https://ipt-obis.gbif.us/resource?r=prcrmp_database
85cad20d-d596-482e-bb90-7475de8720d7,"Fish sampling, Peel-Harvey Estuary, Western Australia (2009-2011)",,74575,,,2023-06-29T23:57:15.000Z,,https://www.marine.csiro.au/ipt/resource?r=wamsi_421a
66bb566b-c059-4920-b63d-f027b2955ef2,Microbiome eDNA preservation study using sediment samples from Crete (16S rRNA),,73375,,,2026-07-09T09:28:31.000Z,,https://ipt.medobis.eu/resource?r=edna
8abea506-c7b5-4b8b-a309-74022cf7c4ee,Florida Keys Reef Visual Census 2008,,72606,,,2025-06-03T17:00:49.000Z,,https://ipt-obis.gbif.us/resource?r=floridakeysreefvisualcensus2008
9a6a8387-d928-4cb8-b187-09d79e79b998,"UNESCO eDNA expedition in Coiba National Park and its Special Zone of Marine Protection (Panama), February 2023",,72453,,,2026-04-29T08:40:23.000Z,,https://ipt.obis.org/secretariat/resource?r=edna-coiba-national-park
50b1b06d-f311-43f2-ad72-c7f05a9c1771,MMS Low Altitude Survey 1980-1983,,71443,,,2026-04-28T15:56:06.000Z,,http://ipt.env.duke.edu/resource?r=zd_41
6d58ae08-4657-42bc-99fc-61e69278db13,"Investigation of School and Gummy Shark Nursery Areas in South East Tasmania, Australia, 1991-1997",,71313,,,2022-06-08T04:41:26.000Z,,https://www.marine.csiro.au/ipt/resource?r=csiro_gummy_sharks
e6c99395-f2ee-48f4-87ba-7413131286d2,Biological Impacts of Ocean Acidification,,71221,,,2022-09-20T12:42:00.000Z,,https://hosted-datasets.gbif.org/mgnify/MGYS00002671.zip
705770e5-3474-4e69-be8b-3107a0c5610a,The fishes collection (IC) of the Muséum national d'Histoire naturelle (MNHN - Paris),,70935,,,,,http://ipt.obis.org/nonode/resource?r=fb1507
185fe84e-91f7-4f2c-b2ac-115116c7111e,DFO Gulf Region Groundfish Research Vessel Surveys,,70664,,,2022-03-30T15:00:11.000Z,,http://ipt.iobis.org/obiscanada/resource?r=obis_dfo_gulf_groundfishsurveys
d054afae-bb0c-484e-8658-d92b41ff9d7d,"CalCOFI and NMFS Seabird and Marine Mammal Observation Data, 1987-2006",,70637,,,2025-10-07T22:48:27.000Z,,http://ipt.env.duke.edu/resource?r=zd_507
f0f23def-2abb-4671-864f-6f3dd1ade46b,Digital Aerial Baseline Survey of Marine Wildlife in Support of Offshore Wind Energy - OPA 2018,,70263,,,2026-04-28T16:34:11.000Z,,http://ipt.env.duke.edu/resource?r=zd_2073
5e25947f-fb67-4bcd-97bf-73549bd88ab2,GPS locations of Northern Gannets season 2013 / Localisations GPS de fous de Bassan saison 2013,,69702,,,2023-05-15T16:04:43.000Z,,https://ipt.iobis.org/obiscanada/resource?r=gps_trackingnortherngannets2013
6fbacc17-f209-4c77-ba30-312200edbfd7,SERC Juvenile Striped Bass Study,,69498,,,2026-06-03T15:46:17.000Z,,https://members.oceantrack.org/ipt/resource?r=otnsercsercjuvenilestripe
ac30d841-5e85-433d-a640-1e7482723cc0,"Marine records from the First Bird Atlas, Birdlife Australia (1976-1984)",,69051,,,2023-06-28T04:34:15.000Z,,https://www.marine.csiro.au/ipt/resource?r=ala_dr571
77ccb1e6-17ba-4407-bda0-6bf89ead686b,Fixed Point Survey for Shorebirds of the family Scolopacidae and Charadriidae,,68234,,,2026-04-24T07:25:37.000Z,,https://www.godac.jamstec.go.jp/ipt/resource?r=fps_scolopacidae_charadriidae
047ce186-4302-4c3f-967f-ccae9d3a1804,"Data from: Rehabilitating the cyanobacteria – niche partitioning, resource use efficiency, and phytoplankton community structure during diazotrophic cyanobacterial blooms",,67801,,,2025-09-17T08:33:21.000Z,,https://ipt.vliz.be/eurobis/resource?r=rehab_cyano
fbe20230-f4f1-48e7-83ee-4cd3ad15a1db,Occurrence records of southern African aquatic biodiversity,,67615,,,2024-05-09T13:15:09.000Z,,http://ipt.saiab.ac.za/resource?r=saiab
345c1b88-2bab-4403-ad2c-1733c0b0a3dd,DFO Maritimes Region Cetacean Sightings,,67391,,,2026-06-29T16:20:26.000Z,,http://ipt.iobis.org/obiscanada/resource?r=obis_marwhale
1ef3432c-f397-448a-ab6d-d06ee2e19af3,ReefSYN | Standardized datasets of Brazilian reef diversity in space and time - Dataset I: Fish communities from the Brazilian province,,67272,,,2026-07-02T15:09:57.000Z,,https://ipt.sibbr.gov.br/obis-brasil/resource?r=reefsyn_sisbiotamar
693f6686-3f0b-4f81-8f27-1ae44c17c33e,Dry Tortugas Reef Visual Census 2008,,66979,,,2025-06-03T17:02:22.000Z,,https://ipt-obis.gbif.us/resource?r=dt2008
1b78a368-cba0-4863-85fb-652f0f181c5e,Benthos monitoring in the intertidal mudflats of Pertuis-Charentais (Bay of Biscay) from 2004 on,,66620,,,2025-09-17T08:39:28.000Z,,http://ipt.vliz.be/eurobis/resource?r=benthos_plumejeaud_perreau
f9a6159e-d03b-45f2-a44a-eafb791e5987,BioChem: Atlantic Zone Monitoring Program (AZMP) Maritimes Region zooplankton collection,,66507,,,,,http://ipt.obis.org/nonode/resource?r=biochem_azmp_maritimes
6cd4445d-5d99-420b-98bf-2649b6731f0c,PANGAEA - Data from Tübingen University,,66277,,,2025-09-17T08:35:54.000Z,,http://ipt.vliz.be/eurobis/resource?r=pangaea_2752
9dfa8aba-4680-4a96-aa2d-5bef376140b3,"CETUS: Cetacean, Elasmobranch, Turtle, and Seabird distribution modelling platform",,66264,,,2026-06-15T18:44:42.000Z,,https://members.oceantrack.org/ipt/resource?r=otnucccetus_cetacean_elas
47edd06e-212a-4677-9abb-6384a0cac20a,Atlantic and Gulf Rapid Reef Assessment - Benthic,,66248,,,2020-06-09T01:40:40.000Z,,http://ipt.iobis.org/caribbeanobis/resource?r=agrra-benthic
79836eba-9a98-45d5-b389-702f4b3f8f76,"Ningaloo Outlook turtle tracking of Green turtles (Chelonia mydas), Western Australia (2018-present)",,66107,,,2024-06-25T23:39:52.000Z,,https://www.marine.csiro.au/ipt/resource?r=ningaloo_outlook_turtle_tracking
04ebe0bf-42cf-4ebe-85ab-bc2ede3c720c,"Invertebrate Collections made by R/V Velero III, IV, Atlantic, and Hubbs",,65772,,,2025-11-19T19:44:35.000Z,,https://ipt.vertnet.org/resource?r=lacm_velero
f3e2bdd3-d495-421a-9182-92432ef24c79,Database of the Distributions of Marine Fishes of Arctic Canada,,65388,,,2019-08-29T12:55:15.000Z,,http://geo.abds.is/ipt/resource?r=dfo_amfd
365fde5d-61cc-4e0b-b6bd-8ab80c0b034f,Historical zooplankton records from the Black Sea,,65382,,,2025-09-17T10:19:46.000Z,,http://ipt.vliz.be/eurobis/resource?r=ibsszooplankton
88ec999b-056b-4b6c-a9d0-ae243e70349d,Angolan Trawl Survey Data,,65193,,,2020-12-02T14:08:59.000Z,,http://ipt.iobis.org/afrobis/resource?r=angola_nansclim_trawl
ab590832-cef4-4f05-b412-f956b3aa7e24,"Marine Microbes from RV Southern Surveyor voyage SS2012_T06, Australia (2012)",,64788,,,2022-06-25T07:45:28.000Z,,https://www.marine.csiro.au/ipt/resource?r=bioplatforms_mm_ss2012_t06
62b97724-da17-4ca7-9b26-b2a22aeaab51,"18S Monterey Bay Time Series: an eDNA data set from Monterey Bay, California, including years 2006, 2013 - 2016",,64784,,,2025-07-10T12:02:31.000Z,,https://ipt-obis.gbif.us/resource?r=18s_monterey_bay_time_series_edna
82a0b489-1b56-4810-a97c-b2866ca0e901,"Four Decades of Seagrass Spatial Data from Torres Strait and Gulf of Carpentaria, Australia (1986-2022)",,64313,,,2023-06-22T10:38:07.000Z,,https://www.marine.csiro.au/ipt/resource?r=nesp_mac_113_seagrass
3e5c1939-d9a7-4f0d-bcb9-eda015f02da4,Dry Tortugas Reef Visual Census 2010,,64253,,,2025-06-03T17:04:57.000Z,,https://ipt-obis.gbif.us/resource?r=drytortugasreefvisualcensus2010
da77ef95-bff6-43f9-8af8-2a1dfa400ba8,CRED Rapid Ecological Assessment of Invertebrate in the Pacific Ocean,,64226,,,,,http://ipt.obis.org/nonode/resource?r=cred_rea_inverts
0c59dc30-4b06-4572-addc-155042f81fd0,NaGISA Project,,64135,,,2025-11-28T01:17:57.000Z,,http://ipt.iobis.org/caribbeanobis/resource?r=nagisa
563f7733-16c7-4069-903a-392665f69593,DFO Pacific Outside North Hard Bottom Longline Surveys,,63826,,,2023-09-05T20:33:58.000Z,,http://ipt.iobis.org/obiscanada/resource?r=hbll-out-n
38657257-deb3-4b74-aa25-ae740280b455,DATRAS Scottish Rockall Groundfish Survey,,63760,,,2025-09-17T08:58:06.000Z,,https://ipt.vliz.be/eurobis/resource?r=ices_datras_scoroc
58aa1bf7-2332-41f2-bc74-0c472094af06,HMAP Dataset 04: World Whaling,,63714,,,2025-09-17T10:12:49.000Z,,http://ipt.vliz.be/eurobis/resource?r=hmap_04
20078fb0-3f5e-4b1f-94d9-e28efe7d3cde,DATRAS Irish Anglerfish and Megrim Survey,,63498,,,2025-09-17T09:13:43.000Z,,https://ipt.vliz.be/eurobis/resource?r=ices_datras_ieiams
ac6af23f-460b-469e-a29f-7bbd0bb48bf1,CCAMLR historic KRILL,,63364,,,2019-03-19T14:46:05.000Z,,https://ipt.biodiversity.aq/resource?r=historic_krill
7ee5747e-f7c5-44ad-9012-925dd60967aa,"CURLEW_VLAANDEREN - Eurasian curlews (Numenius arquata, Scolopacidae) breeding in Flanders (Belgium)",,62955,,,2026-01-23T15:33:42.000Z,,https://ipt.inbo.be/resource?r=curlew_vlaanderen
9ad0f8eb-b983-418d-b881-3b672d9e0005,Continuous Plankton Recorder Dataset (NOAA) - Zooplankton,,62881,,,2025-09-17T08:31:56.000Z,,http://ipt.vliz.be/eurobis/resource?r=noaacprzoo
c380d2c9-98b3-48cf-af6c-56a88b81f1a4,Hexacorallians of the world,,62703,,,2020-06-09T01:36:40.000Z,,http://ipt.iobis.org/caribbeanobis/resource?r=hexacoralliansoftheworld
4aaa85a5-6cfb-45bf-9ca4-ca431db88849,L4 Plankton Monitoring Programme,,62635,,,2023-09-23T11:42:41.000Z,,http://ipt.vliz.be/eurobis/resource?r=largenet_m1
5132b63a-4d7a-41e7-87eb-b5a9d6edc05f,Irish Benthos monitoring as part of the Water framework directive since 2012,,62576,,,2021-10-06T13:15:57.000Z,,https://www.dassh.ac.uk/ipt/resource?r=mi_wfd_benthos
d338c518-7193-47a1-8922-bc71b54849f5,"PANGAEA - Data from Climate: Long-range investigation, mapping and prediction (CLIMAP)",,61971,,,2025-09-17T08:37:23.000Z,,http://ipt.vliz.be/eurobis/resource?r=pangaea_2732
17301ee6-2a37-464f-a897-e5d8f70b03c9,imr_zooplankton_norwegian_sea,,61636,,,2020-10-26T11:54:42.000Z,,https://gbif.imr.no/ipt/resource?r=imr_zooplankton_norwegian_sea
7e242e5a-d2ad-412e-8da7-682e78afc5d7,"HMAP Dataset 02: SE Australian Trawl Fishery II: Fish (various) landings and fishing effort, South East Australia, 1937-1943",,61634,,,2025-09-17T10:13:00.000Z,,http://ipt.vliz.be/eurobis/resource?r=hmap_02
c91bedb0-5fa7-4d3d-80c4-fd4a3bbafdc0,Florida Keys Reef Visual Census 2010,,61547,,,2025-06-03T17:06:08.000Z,,https://ipt-obis.gbif.us/resource?r=floridakeysreefvisualcensus2010
ea7c2ba6-5d7a-44bb-bf1c-0e606b1f1147,GPS locations of Northern Gannets season 2017 / Localisations GPS de fous de Bassan saison 2017,,61491,,,2023-05-15T16:10:27.000Z,,https://ipt.iobis.org/obiscanada/resource?r=gps_trackingnortherngannets2017
78541fb8-936c-4fda-9b06-3831f61a2b43,Grey seals GPS telemetry in Baie de Somme,,61044,,,2025-10-08T12:45:26.000Z,,http://ipt.env.duke.edu/resource?r=zd_2026
b193bbee-f586-48e7-91de-e5915f9fba56,mabik_na,,61015,,,2025-12-11T07:37:52.000Z,,https://www.mbris.kr/ipt/resource?r=mabik_na
8b477abd-2bcc-47d1-aaee-3c5b20784463,"L4PHYTO_Phytoplankton taxonomic abundance time-series, Western Channel Observatory L4, 1992-2020",,61003,,,2025-05-12T14:52:11.000Z,,https://www.dassh.ac.uk/ipt/resource?r=l4_phyto_time_series
4afc8df3-31f0-48e9-94f8-534554dbab71,"Marine Microbes from RV Aurora Australis voyage K-axis, Australia (2016)",,60400,,,2023-07-14T01:26:53.000Z,,https://www.marine.csiro.au/ipt/resource?r=bioplatforms_mm_kaxis
d13ec1f1-d82a-4cdb-92e9-3f2144bf7a2e,"Bureau of Rural Sciences, Commercial Fisheries Presence, Australia, 2000-2002",,60366,,,2022-06-08T04:53:08.000Z,,https://www.marine.csiro.au/ipt/resource?r=brs_2000_2002
c24bf1c2-2c62-4056-a841-56d94e6e876a,Fish specimens,,60284,,,,,http://ipt.obis.org/nonode/resource?r=fb660
c0bf85d7-a728-452d-9762-877ad6240a8f,TPWD HARC Texas Coastal Fisheries Matagorda Bay Trawl,,60071,,,2017-11-21T21:58:14.000Z,,https://ipt-obis.gbif.us/resource?r=tpwd_harc_texasmatagordabay_trawl_20150130
56b8f5a4-3912-4be7-9cbe-ef46e3e4946b,TPWD HARC Texas Coastal Fisheries Corpus Christi Bay Trawl,,59717,,,2017-11-21T22:05:55.000Z,,https://ipt-obis.gbif.us/resource?r=tpwd_harc_texascorpuschristibay_trawl_20150130
d213f108-b93b-4aab-9b23-b289d31a061e,ReefSYN | Standardized datasets of Brazilian reef diversity in space and time - Dataset II: Abrolhos Bank monitoring,,59701,,,2026-01-20T14:11:17.000Z,,https://ipt.sibbr.gov.br/obis-brasil/resource?r=reefsyn_abrolhos
e5389590-6d7e-4752-b84b-faa2a411db87,Vulnerable Marine Ecosystems,,59503,,,2025-09-17T10:14:31.000Z,,https://ipt.vliz.be/eurobis/resource?r=ices-vme
12f19598-cd7a-4b6e-a26a-633a338606e2,"Pilbara Marine Conservation Partnership BRUVS data, Australia (2014 - 2015)",,58916,,,2022-06-14T00:25:56.000Z,,https://www.marine.csiro.au/ipt/resource?r=globalarchive_pmcp_bruvs
9f11af71-ddd8-4399-982f-5e276d86d17b,Romanian Black Sea Zooplankton data from 1981 to 2000,,58761,,,2025-09-17T09:14:15.000Z,,https://ipt.vliz.be/eurobis/resource?r=ro_black_sea_zpk_1981_2000
ba3fc1a0-5ad0-4621-8712-e01292d9872c,ICES contaminants and biological effects,,58706,,,2025-09-17T09:04:55.000Z,,http://ipt.vliz.be/eurobis/resource?r=ices_dome_biota
22e8cc5d-00e4-4323-bfd1-c90ce983d1fa,SCHEMA_Sediment,,58468,,,2022-09-20T12:42:00.000Z,,https://hosted-datasets.gbif.org/mgnify/MGYS00002668.zip
ab84bb8e-3a0f-43f6-83be-27a1d8965998,Bird observations at Borsele off shore wind farm,,58445,,,2025-09-17T09:04:10.000Z,,https://ipt.vliz.be/eurobis/resource?r=borsele_birds
90411e40-55ce-4ab8-b0d8-29359243e3ce,Dutch long term monitoring of macrobenthos in the Dutch Continental Economical Zone of the North Sea,,58383,,,2025-09-17T09:52:23.000Z,,http://ipt.vliz.be/eurobis/resource?r=deltaresbenthos
b30c47dc-902e-4e57-97da-307329bcd8cc,Long-term Ecological Monitoring Research Brazilian Oceanic Islands (reef fish),,58222,,,2026-01-20T13:18:10.000Z,,https://ipt.sibbr.gov.br/obis-brasil/resource?r=peld_ilhas-oceanicas_peixes
e285d9f4-c55d-42c0-805d-a566c2c58a45,USGS South Florida Fish and Invertebrate Assessment Network Crustaceans,,58184,,,2016-06-15T21:48:58.000Z,,https://ipt-obis.gbif.us/resource?r=usgs_southflorida_fian_crustaceans
ff1eca2d-d949-42ce-9cb2-95c26b61d198,Zooplankton abundance and biomass from the RADIALES time series programme (N-NW Spain),,57913,,,2026-07-10T08:14:07.000Z,,https://ipt.vliz.be/eurobis/resource?r=radiales_zoopl_test
3ad286a0-0af1-4b5e-980e-2b9b5e336ee2,POPA- Fisheries Observer Program of the Azores: Seabird sightings in the Azores tuna fishery from 2000 on: during navigation or search mode,,57798,,,2025-09-17T08:37:02.000Z,,http://ipt.vliz.be/eurobis/resource?r=popa_marine_birds_sightings_2000_2013
baa93c4a-5aba-4464-8f4f-40115021a35d,Puerto Rico Reef Visual Census (RVC) 2016 - 2021,,57610,,,2023-05-01T17:08:51.000Z,,https://ipt-obis.gbif.us/resource?r=puertoricovisualreefcensus
0be5bc62-db66-4959-a992-42005db7bf12,DWROTAT2004,,57425,,,2026-06-12T12:57:09.000Z,,https://members.oceantrack.org/ipt/resource?r=otndwrdwrotat2004
7b2f75c0-e4e6-40d8-b2f5-cb5ae37a2809,Young Fish Survey Data 1981 to 2010,,57294,,,2020-03-18T13:56:07.000Z,,https://www.dassh.ac.uk/ipt/resource?r=cefas_01
d556b9d4-7625-4aa2-894d-441eabae47f7,MAREANO - Base-line mapping of fauna obtained with grab,,57219,,,2024-09-09T17:26:47.000Z,,http://ipt.vliz.be/eurobis/resource?r=imr_mareano_grab
e971710e-054e-43f2-b23c-c149d6c76cb4,Benthic species from the tropical Pacific surrounding New Caledonia,,57129,,,2025-09-17T09:13:33.000Z,,http://ipt.vliz.be/eurobis/resource?r=new_caledonia
0754179c-8f44-469b-bf5f-af5c5c0962fc,DASSH Data Archive Centre Academic Surveys,,57100,,,2018-06-20T09:51:16.000Z,,https://www.dassh.ac.uk/ipt/resource?r=emodnet_03_dassh_academic_surveys
10865e03-2a8e-4c2d-99d5-922d0813a058,Ocean Sampling Day (OSD) 2014: AUTHORITY-RAW amplicon and metagenome sequencing study from the June solstice in the year 2014,,56976,,,2022-09-22T08:44:00.000Z,,https://hosted-datasets.gbif.org/mgnify/MGYS00000462.zip
c73dd14a-86cc-4b98-b9a8-e33e5cef11cf,Great Eggcase Hunt - global citizen science observations of chondrichthyian eggcases,,56924,,,2026-04-30T08:51:07.000Z,,https://www.dassh.ac.uk/ipt/resource?r=st_greateggcasehunt
4143a29a-05f7-4b5a-830d-1a48b2b5b4a7,"HMAP Dataset 03: SE Australian Trawl Fishery III: Fish (various) landings and fishing effort, South East Australia, 1951-1957",,56887,,,2025-09-17T10:12:49.000Z,,http://ipt.vliz.be/eurobis/resource?r=hmap_03
0a38fa1c-5573-4a88-8717-81b9276996b3,New Zealand Marine Biosecurity Porthole records for managed marine pests,,56839,,,2025-11-24T01:44:08.000Z,,https://nzobisipt.niwa.co.nz/resource?r=newzealandmarinebiosecurityporthole_records_for_managed_marine_pests
b8617377-eb1c-4db2-baa6-8788a632e810,Ichthyology Collection - Royal Ontario Museum,,56414,,,,,http://ipt.obis.org/nonode/resource?r=fishes
a3e4bd6a-d99a-4eaf-9aef-d197929bf66b,Florida Keys Reef Visual Census 2007,,56268,,,2025-06-03T17:11:00.000Z,,https://ipt-obis.gbif.us/resource?r=floridakeysreefvisualcensus2007
3372a229-1200-4229-a531-220c6c91ac07,National Coral Reef Monitoring Program: Assessment of fish communities in the Dry Tortugas during 2016,,56205,,,2023-07-08T01:36:19.000Z,,https://ipt-obis.gbif.us/resource?r=drytortugasreefvisualcensus2016
86e5bc4a-0bc2-43e6-8e9b-db09a2fa6265,mabik_mo,,56157,,,2025-12-11T07:35:22.000Z,,https://www.mbris.kr/ipt/resource?r=mabik_mo
6b9d739c-8150-49ec-ab6c-b8da93ee9dd2,DFO Pacific Outside South Hard Bottom Longline Surveys,,55989,,,2023-09-06T22:43:04.000Z,,http://ipt.iobis.org/obiscanada/resource?r=hbll-out_s
8e323d59-ae6c-4b62-840e-8f6eb68e40ed,Tracking of Far Eastern Curlew (Numenius madagascariensis) along the East Asian-Australasian Flyway (EAAF) (2017-2021),,55657,,,2022-12-08T23:21:25.000Z,,https://www.marine.csiro.au/ipt/resource?r=far_eastern_curlew_tracking_eeaf
33240dba-2900-49e5-af34-fe7464ce98fe,Phytoplankton abundance and composition from the RADIALES time series programme (N-NW Spain),,55602,,,2025-09-17T08:41:38.000Z,,https://ipt.vliz.be/eurobis/resource?r=radiales_phytopl_test
a646ef47-45d2-489e-9593-a5dfd2173b91,Digital Aerial Baseline Survey of Marine Wildlife in Support of Offshore Wind Energy - OPA 2016,,54550,,,2026-04-28T16:24:20.000Z,,http://ipt.env.duke.edu/resource?r=zd_1817
f584c4da-f58b-41d2-bb60-773f30d06236,USGSACEAM20,,53913,,,2026-06-12T12:32:25.000Z,,https://members.oceantrack.org/ipt/resource?r=otnusgswfrcusgsaceam20
0c61d911-3b74-4ba0-97b5-eebf411843d6,Florida Keys Reef Visual Census 2001,,53882,,,2025-06-03T17:14:51.000Z,,https://ipt-obis.gbif.us/resource?r=floridakeysreefvisualcensus2001
098986f3-321b-4560-b196-d2c947dae203,SOLA sampling point Raw sequence reads,,53876,,,2025-07-31T14:40:00.000Z,,https://hosted-datasets.gbif.org/mgnify/MGYS00006680.zip
d8b738c8-6eda-4735-8136-53630eedab6a,"Myctobase, a circumpolar database of mesopelagic fishes for new insights into deep pelagic prey fields - data",,53724,,,2023-05-04T09:13:35.000Z,,https://ipt.biodiversity.aq/resource?r=myctobase
53e55f20-ff3a-486e-9636-6ec9f0bb306d,Pelagic Fish Observations 1968-1999,,53421,,,2021-05-07T03:51:20.000Z,,https://data.aad.gov.au/ipt/resource?r=pelagic_fish
e768926e-d4b2-4fb0-8efe-bfe8b84d6ca6,Nutrient addition mesocosm experiment Targeted Locus (Loci),,53395,,,2022-09-20T12:42:00.000Z,,https://hosted-datasets.gbif.org/mgnify/MGYS00002554.zip
528fe00d-8ca0-4c32-b6b2-fe72b05d9a6e,British Antarctic Survey Argos satellite tracking data,,53176,,,,,http://ipt.obis.org/nonode/resource?r=bas_argos
b5aa799c-f2db-4024-8831-3020f4cfaf21,Microbiome eDNA preservation study using water samples from Crete (18S rRNA),,52965,,,2026-07-09T09:28:42.000Z,,https://ipt.medobis.eu/resource?r=edna-18s-water
04e3fd32-b08b-4806-a016-d2dff52ae55a,Asia-Pacific Dataset,,52821,,,2026-04-24T07:25:26.000Z,,https://www.godac.jamstec.go.jp/ipt/resource?r=s9-5_asia-pacific
baf971c5-2575-4968-8293-9f080bb73dba,Macroalgal Morphology affects composition and settlement of microbial communities,,52513,,,2022-09-20T12:42:00.000Z,,https://hosted-datasets.gbif.org/mgnify/MGYS00002670.zip
0f639d39-e115-4aa9-917b-b338df784aaa,Microbiome eDNA preservation study using sediment samples from Crete (18S rRNA),,52350,,,2026-07-09T09:28:54.000Z,,https://ipt.medobis.eu/resource?r=edna-18s-sediment
8316b4ee-a434-40c8-93f9-cfd081b836b0,16S rRNA gene amplicon time-series in Blanes Bay Microbial Observatory (BBMO),,51946,,,2025-07-31T13:41:00.000Z,,https://hosted-datasets.gbif.org/mgnify/MGYS00006675.zip
00a7f490-7418-413b-a9f1-666f186769b6,Museum and Art Gallery of the Northern Territory Malacology Collection - marine records,,51488,,,2023-06-28T03:29:28.000Z,,https://www.marine.csiro.au/ipt/resource?r=magnt_malacology
8046d31c-f6e2-4042-bbe8-1903cdc352c9,Temporal sampling of marine metagenomes from Station ALOHA and BATS,,51286,,,2022-09-20T12:42:00.000Z,,https://hosted-datasets.gbif.org/mgnify/MGYS00005141.zip
de6e15ba-3524-4049-b2ba-8f7af2def287,Sediment surface microbial community changes due to phytoplankton addition,,51283,,,2022-09-20T12:42:00.000Z,,https://hosted-datasets.gbif.org/mgnify/MGYS00002650.zip
30867f5b-1249-4e02-beeb-55f06218b481,Spatial Ecology of spurdog (Squalus acanthias) in a Scottish loch system.,,51273,,,2026-06-15T15:21:55.000Z,,https://members.oceantrack.org/ipt/resource?r=otnstandspatialecologyofs
90d22ca4-c790-4eae-8faf-d8feaf63fcf4,DECAF - AUTEC Beaked Whales - Multiple Sensors - DTag,,51245,,,2025-10-07T23:01:41.000Z,,http://ipt.env.duke.edu/resource?r=zd_685
2d08b89d-bcb0-4855-ad58-1773ea6e7ebc,UNESCO eDNA expedition in French Austral Lands and Seas (France): December 2022 and April 2023,,51168,,,2024-12-08T17:23:42.000Z,,https://ipt.obis.org/secretariat/resource?r=edna-french-austral-lands-and-seas
dcb057b5-c33a-4289-b709-2fc75555fcb0,TPWD HARC Texas Coastal Fisheries Matagorda Bay Bag Seine,,51000,,,2021-11-14T16:19:43.000Z,,https://ipt-obis.gbif.us/resource?r=tpwd_harc_texasmatagordabay_bagseine_20150130
e191604f-fe12-424a-9bc7-98100d969515,Atlantic and Gulf Rapid Reef Assessment - Fish,,50888,,,,,http://ipt.obis.org/nonode/resource?r=agrra_fish
ca9998bc-b371-423c-a73e-de2e9e127b96,"Year-round at-sea movements of fairy prions (Pachyptila turtur)  from Kanowna Island, Bass Strait, south-eastern Australia (2017-2020)",,50812,,,2022-07-19T00:16:42.000Z,,https://www.marine.csiro.au/ipt/resource?r=bass_strait_fairy_prions
89b18767-2942-49a8-97d1-1ffc9ffb6587,TPWD HARC Texas Coastal Fisheries Aransas Bay Trawl,,50430,,,2021-08-25T15:17:17.000Z,,https://ipt-obis.gbif.us/resource?r=tpwd_harc_texasaransasbay_trawl_20150130
ed8c04c5-199d-4486-8886-698c9b870415,Epibenthos and demersal fish monitoring in function of dredge disposal monitoring in the Belgian part of the North Sea,,50322,,,2025-09-17T08:32:37.000Z,,http://ipt.vliz.be/eurobis/resource?r=epi_benth_dredge
ea93b52d-23aa-4be7-9686-a56be3b3ee2b,NEFSC Right Whale Aerial Survey,,50286,,,2025-10-07T22:50:54.000Z,,http://ipt.env.duke.edu/resource?r=zd_513
d148b531-b750-4fb3-bd4a-d5f46f998df4,Fin whale localized acoustic detections off Kauai 2011-2017,,50029,,,2025-10-08T13:12:49.000Z,,http://ipt.env.duke.edu/resource?r=zd_2122
f4baa4ab-d62a-42a3-82de-5c6a72c97c61,UNESCO eDNA expedition in Brazilian Atlantic Islands: Fernando de Noronha and Atol das Rocas Reserves (Brazil): November 2022,,49899,,,2026-04-29T08:26:25.000Z,,https://ipt.obis.org/secretariat/resource?r=edna-brazilian-atlantic-islands
6078be2d-e1af-47b3-bd70-3956dd95f664,Queensland Museum Corals,,49509,,,2023-06-28T03:18:57.000Z,,https://www.marine.csiro.au/ipt/resource?r=qm_corals
543a4476-6145-4f38-a84b-e8fe7a281bed,Dry Tortugas Reef Visual Census 2004,,49134,,,2025-06-03T17:15:23.000Z,,https://ipt-obis.gbif.us/resource?r=drytortugasreefvisualcensus2004
ecb089bf-3f8a-4202-a304-47ec5e0ddc2d,Epibenthos and demersal fish monitoring at long-term monitoring stations in the Belgian part of the North Sea,,48464,,,2025-09-17T10:09:58.000Z,,http://ipt.vliz.be/eurobis/resource?r=epi_benth_long_term
efbb12d4-28f7-4d03-83bf-aa68ea7080a0,Polymetallic nodule field Targeted loci environmental,,48274,,,2022-09-20T12:42:00.000Z,,https://hosted-datasets.gbif.org/mgnify/MGYS00002405.zip
905a4b26-80c4-4c0c-8991-424a27e69ec3,18S: A comprehensive dataset on spatiotemporal variation of microbial plankton communities in the Baltic Sea,,47802,,,2026-05-04T09:55:48.000Z,,https://www.gbif.se/ipt/resource?r=prjeb55296-18s
d6dc7351-aae6-4ed1-8f75-5b81e356408a,DFO Pacific Inside North Hard Bottom Longline Surveys,,47573,,,2023-09-07T18:51:30.000Z,,http://ipt.iobis.org/obiscanada/resource?r=hbll-in-n
cbb1c4d3-73d9-41aa-94d5-d637b60ad1e5,QLD DERM Coastal Bird Atlas (Trial),,47515,,,2022-06-08T05:13:33.000Z,,https://www.marine.csiro.au/ipt/resource?r=ala_dr380
b8439c16-2820-48e9-8ea0-7ccbd71b8805,The Australian Zooplankton Database (1938 onwards),,47271,,,2023-06-28T03:44:36.000Z,,https://www.marine.csiro.au/ipt/resource?r=imos_azd_data
230e0287-79c3-47f0-9aed-718b63c0a074,NOAA coral reef monitoring fish data from sites across Micronesia from 2009-09-29 to 2015-09-25,,47236,,,2020-06-01T20:44:37.000Z,,https://ipt-obis.gbif.us/resource?r=noaa_micronesia_reef_monitoring_fish
f8c046f0-e8ae-49f5-b94c-f78809a8b7dc,Western Australian Museum Fish Collection - Marine records,,47118,,,2023-06-28T03:23:19.000Z,,https://www.marine.csiro.au/ipt/resource?r=wam_ichthyology
6bf16e2d-8564-4a2a-b2eb-d1c9954658c0,"Collation of spatial seagrass data (meadow extent polygons, species presence/absence points) from 1984 - 2018 for the Great Barrier Reef World Heritage Area (GBRWHA) (NESP TWQ Project 3.2.1 and 5.4, TropWATER, James Cook University)",,47049,,,2023-10-19T04:42:38.000Z,,https://www.marine.csiro.au/ipt/resource?r=nesp_seagrass
bff60a89-23bb-4f31-9b40-7bbf2bb19b77,IMOS National Reference Station (NRS) - Zooplankton Abundance,,46984,,,2022-06-08T05:00:24.000Z,,https://www.marine.csiro.au/ipt/resource?r=anmn_nrs_bgc_plankton_zooplankton_data
bc699d5e-059e-4a45-bc0c-18a0faaa295a,DFO Gulf Region Snow Crab Research Trawl Surveys 2010-2020,,46882,,,2022-03-30T15:05:23.000Z,,http://ipt.iobis.org/obiscanada/resource?r=dfo_gulf_snowcrabsurveys_2010_2020
93410e9a-ae53-4dde-9ea5-d9b2dae6db22,"North Marine Region demersal fish and invertebrate collection records (DEW collation), Australia (1980 - 1997)",,46854,,,2022-06-08T01:38:44.000Z,,https://www.marine.csiro.au/ipt/resource?r=nmr_regions_fish_invertebrates
063a5fb5-8adc-4c9c-a5ba-53d444b7089f,"Mangroves of the Northern Territory, 1:100,000, Australia (1996)",,46610,,,2022-06-07T03:26:16.000Z,,https://www.marine.csiro.au/ipt/resource?r=seamapaus_nt_mangroves_100
3410f695-4bbb-40c3-82e9-1991c30d4d6d,Sistema de Monitoreo de Arrecifes Coralinos - SIMAC: Salud Coralina,,46423,,,2026-03-10T15:15:12.000Z,,https://ipt.biodiversidad.co/sibm/resource?r=invemar_simac_saludcoralina
99659178-978a-4133-952a-1fa821ba8e23,"Marine Microbes from RV Investigator voyage IN2017_V01, Australia (2017)",,46279,,,2022-06-25T18:18:26.000Z,,https://www.marine.csiro.au/ipt/resource?r=bioplatforms_mm_in2017_v01
e52550dc-e6ea-4a18-81b6-7911952ca604,Little Sippewissett Marsh Targeted Locus (Loci),,46219,,,2022-09-20T12:42:00.000Z,,https://hosted-datasets.gbif.org/mgnify/MGYS00002498.zip
ec1dc821-fead-4448-b25f-f26651959f7c,OTN Canada Pacific Sockeye Salmon Tagging Project 2,,46177,,,2025-11-06T22:27:46.000Z,,https://members.oceantrack.org/ipt/resource?r=otnubccanadapacificsockey
80e7286d-6d8b-45ea-b279-eff2297752ae,Zooplankton in the bay of Biscay (1995-2004 Yearly spring DEPM surveys),,46156,,,2025-06-11T13:41:42.000Z,,http://ipt.vliz.be/eurobis/resource?r=gbif_1935
d648e5d9-4b4e-46a1-90b6-0fe8380ada2e,DFO Pacific: Ocean Salmon Program - Ricker Beam Trawl Juvenile Salmon Study (1990-1993),,46089,,,2022-03-22T20:44:14.000Z,,http://ipt.iobis.org/obiscanada/resource?r=rickerbeam
d94f3ea4-4519-4eb0-9d03-5cfc1caab13f,"Offshore reference stations, Norwegian/Barents Sea",,46019,,,2025-09-17T08:30:00.000Z,,http://ipt.vliz.be/eurobis/resource?r=largenet_o4
488f7e7c-1c38-468c-b11a-843c55b4ab01,PANGAEA - Data from Christian-Albrechts-University Kiel,,45855,,,2025-09-17T08:35:43.000Z,,http://ipt.vliz.be/eurobis/resource?r=pangaea_2753
65879312-2a5b-4c60-bc9b-97ab9e105336,WADFW PSAMP W1995,,45784,,,2025-10-07T19:39:08.000Z,,http://ipt.env.duke.edu/resource?r=zd_245
46b1957a-3c6a-4314-b9a0-5de9d1f9ae77,Dry Tortugas Reef Visual Census 2006,,45616,,,2025-06-03T17:16:09.000Z,,https://ipt-obis.gbif.us/resource?r=drytortugasreefvisualcensus2006
7812d226-7630-47e1-bc49-0941187a9a51,"Dredge, trawl and bycatch records from the northern section of the Great Barrier Reef, Australia (1991-1996)",,45541,,,2022-06-09T23:56:41.000Z,,https://www.marine.csiro.au/ipt/resource?r=gbr_northern_prawn_survey_catch
7f29807d-c940-4136-9ccd-3baa1e7e9bab,Finnish Baltic Sea zooplankton monitoring,,45515,,,2023-03-09T01:55:06.000Z,,http://ipt.vliz.be/eurobis/resource?r=finnish_zooplankton
0b3b51a1-35e8-424c-a33f-7631d16397fb,"A Record of the Intertidal Malacofauna of Cape Bansho, Wakayama, Japan, from 1985 to 2010",,45450,,,2026-04-24T07:27:11.000Z,,https://www.godac.jamstec.go.jp/ipt/resource?r=seto_marine_biological_laboratory_ohgaki2011
a2c09762-23d3-4322-a910-52bf8a1aa092,Florida Keys Reef Visual Census 2002,,45437,,,2025-06-03T17:17:28.000Z,,https://ipt-obis.gbif.us/resource?r=fkrvc2002
15ab464d-e8d0-47c7-8003-29b88a7a780b,"Macroalgal coverage from video surveys of long spined sea urchin (Centrostephanus rodgersii) barrens habitat, eastern Tasmania, Australia (2001-2002)",,45401,,,2023-07-03T23:58:42.000Z,,https://www.marine.csiro.au/ipt/resource?r=imas_video_sea_urchin_barrens
17ce69d0-2504-4ae3-bc87-16b096863f51,Archives of the Arctic Seas Zooplankton,,45398,,,2019-09-03T14:14:08.000Z,,http://geo.abds.is/ipt/resource?r=as_zoo
3b71a712-ca34-4368-a029-52b5db32b140,NMFS Turtle Tracking,,45105,,,2025-10-07T20:37:37.000Z,,http://ipt.env.duke.edu/resource?r=zd_320
5072e436-41af-4029-bcb4-d2282bb60d81,Florida Keys Reef Visual Census 2006,,45080,,,2025-06-03T17:18:11.000Z,,https://ipt-obis.gbif.us/resource?r=floridakeysreefvisualcensus2006
5ad6c4ff-fb89-4edf-b7b0-212671fb27cf,A Biological Survey of the Waters of Woods Hole and Vacinity,,44862,,,,,http://ipt.obis.org/nonode/resource?r=woodsholebiosurvey
f3c02ebd-f672-4787-ae0b-92263041cf0d,PANGAEA - Data from South Atlantic in the late Quaternary: reconstruction of budget and currents,,44641,,,2025-09-17T08:36:26.000Z,,http://ipt.vliz.be/eurobis/resource?r=pangaea_2748
cc987509-4296-400e-a761-f4d4c91785df,DATRAS North Sea Sandeel Survey,,44214,,,2025-09-17T08:29:56.000Z,,https://ipt.vliz.be/eurobis/resource?r=ices_datras_nsss
63061840-e725-4c74-bdbc-65f31a8e28c8,2010_PHD_REUBENS - Acoustic telemetry data for Atlantic cod (Gadus morhua) in the C-Power wind farm in the southern North Sea (Belgium),,44061,,,2026-06-08T13:57:25.000Z,,https://ipt.inbo.be/resource?r=2010_phd_reubens
92a56f72-0b5e-4b3a-95b6-6b1506cc9efe,16S Amplicon Data from an Antarctic Cold Seep,,43918,,,2022-09-20T12:42:00.000Z,,https://hosted-datasets.gbif.org/mgnify/MGYS00002665.zip
b74f72f3-cc3d-42b2-aa01-930d5ad4f9c2,IMOS - Larval Fish Sub-Facility - Database of Marine Larval Fish Assemblages in Australian temperate and subtropical waters (1983 - ongoing),,43862,,,2023-11-30T04:19:49.000Z,,https://www.marine.csiro.au/ipt/resource?r=imos_larval_fish
23c15f33-94a8-4e3e-bb76-5d5b0bf203f8,Marine species citizen-science observations from NatureWatch NZ,,43849,,,2022-12-13T21:10:46.000Z,,https://nzobisipt.niwa.co.nz/resource?r=naturewatchnz
5e3015f8-a398-46b5-adb1-518a8247aeb9,"Physical and biological data collected along the Texas, Louisiana, Mississippi, Alabama, and Florida Gulf coasts in the Gulf of Mexico as part of the Harmful Algal BloomS Observing System",,43813,,,2022-09-30T17:04:05.000Z,,https://ipt-obis.gbif.us/resource?r=habsos
0b6fd326-7ec6-487a-a386-b4e0d655d3ef,Tasmanian Museum and Art Gallery Invertebrate Collection - marine records,,43811,,,2023-06-28T04:33:08.000Z,,https://www.marine.csiro.au/ipt/resource?r=ala_co198
b08e636b-f5be-4f7f-81db-bdafcdf68e57,PANGAEA - Data from international marine global change study (IMAGES),,43728,,,2025-09-17T08:42:02.000Z,,http://ipt.vliz.be/eurobis/resource?r=pangaea_2727
6a884ad0-9874-40bc-a6b6-f1e3eaf22e63,DFO Pacific Inside South Hard Bottom Longline Surveys,,43727,,,2023-09-07T20:31:58.000Z,,http://ipt.iobis.org/obiscanada/resource?r=hbll-in-s
8a327db2-9cf0-4563-a6de-7284e00eb1a9,The Plymouth Marine Laboratory Bristol Channel Project - Zooplankton and fish taxonomy and abundance,,43652,,,2025-02-24T11:16:26.000Z,,https://ipt.vliz.be/bodc/resource?r=1032302_bristol_channel_zooplankton
9410cb01-d9b3-45a4-8d10-2a9bf1a22658,"Hoplostethus atlanticus (Orange Roughy) length weight data, Australian waters (1987-2012)",,43534,,,2022-06-06T10:44:22.000Z,,https://www.marine.csiro.au/ipt/resource?r=csiro_orange_roughy_length_weight
85cceb73-4442-490c-89a8-a0c241647872,EGB sediment data (raw sequence reads),,43363,,,2022-09-22T08:44:00.000Z,,https://hosted-datasets.gbif.org/mgnify/MGYS00005581.zip
d0d2a510-ba24-487b-80ca-afc86922cb1c,"IndOBIS, Indian Ocean Node of OBIS",,43308,,,,,http://ipt.obis.org/nonode/resource?r=indobis
df5b766e-d7a3-400e-944e-444289f54a62,eDNA samples from the surface ocean to the seafloor collected by RV Investigator voyage IN2017_V01 - Linking Modern and Paleo-Genetics at the Sabrina Coast East Antarctica (2017),,43208,,,2023-11-30T02:12:57.000Z,,https://www.marine.csiro.au/ipt/resource?r=in2017_v01_sedadna
fbfec490-ee3a-404c-80b2-9432345bcb15,Benthos Westerschelde 1963-2012,,43119,,,2025-09-17T09:11:53.000Z,,https://ipt.vliz.be/eurobis/resource?r=benthosws
e4a8f544-db4c-423f-a4e4-812785bd1551,"BRUVS data from Southwest Corner Marine Park, Western Australia (2020-2023)",,43049,,,2023-11-12T23:33:41.000Z,,https://www.marine.csiro.au/ipt/resource?r=globalarchive_275_sw_corner
95dcd908-a6b9-4422-a441-42caa46724f5,Sistema de Monitoreo de Arrecifes Coralinos - SIMAC: Abundancia de peces arrecifales,,42927,,,2022-02-14T18:50:57.000Z,,https://ipt.biodiversidad.co/sibm/resource?r=invemar_simac_censopeces
19abb100-fb94-4295-ab17-bb3e58674cf3,Marine records from Pembrokeshire Marine Species Atlas,,42832,,,,,http://ipt.vliz.be/eurobis/resource?r=gbif_961
9214041f-3dc2-4f5e-9887-43e7fa50379f,SE_BrazilRockyShores,,42629,,,2026-01-20T20:17:11.000Z,,https://ipt.sibbr.gov.br/obis-brasil/resource?r=brazilianrockyshores
c5ce6e76-4ad6-4fce-a683-f6bb01c70955,Environmental baseline data in abyssal plain off Minami Torishima based on megafauna occurrence,,42413,,,2026-04-24T07:26:50.000Z,,https://www.godac.jamstec.go.jp/ipt/resource?r=jamstec_sip-2-megafauna-video-data_2019
f87f0d44-200c-433f-af16-dbb80c02f5b3,"Empire Wind Digital Aerial Wildlife Surveys for BOEM Lease Area OCS-A 0512, Empire Offshore Wind LLC, July 2024 to May 2025",,42233,,,2026-04-28T16:46:29.000Z,,https://ipt.env.duke.edu/resource?r=zd_2375
e168c19e-d9e9-447c-b077-1faa487df4a6,IMOS - Zooplankton Abundance and Biomass Index (CPR),,42003,,,2023-11-30T04:15:11.000Z,,https://www.marine.csiro.au/ipt/resource?r=imos_auscpr_zoop
3c0e7f41-9b1a-4cda-877a-2586da88c935,A photographically-vouchered global citizen science dataset of sea slugs (Mollusca: Heterobranchia) from the SEASLUG.WORLD platform since 2015,,41827,,,2026-04-24T07:27:55.000Z,,https://www.godac.jamstec.go.jp/ipt/resource?r=seaslug-world_kimoto
089ef71a-b32c-4e35-8c74-79cde58dbfff,Tagged Seal Location Data from SOGLOBEC,,41676,,,2019-03-19T14:46:04.000Z,,https://ipt.biodiversity.aq/resource?r=globec_tagged_seals
12a9b8a9-845a-4dba-8f64-6a6fe48cfe44,USGS South Florida Fish and Invertebrate Assessment Network Fish,,41588,,,2016-06-15T22:01:32.000Z,,https://ipt-obis.gbif.us/resource?r=usgs_southflorida_fian_fish
a1beaeb4-b27c-4b26-9783-2861984d8e4a,Queensland Museum Crustaceans,,41554,,,2023-06-28T03:22:09.000Z,,https://www.marine.csiro.au/ipt/resource?r=qm_crustaceans
9f1a9d1c-833e-4fbc-9ecf-1918c7a8b699,Canadian Museum of Nature Fish Collection,,41534,,,2026-05-05T13:10:37.000Z,,http://ipt.nature.ca/resource?r=cmn_fish
b58c4257-5756-4090-b15d-e33d1f0d85cc,TPWD HARC Texas Coastal Fisheries San Antonio Bay Trawl,,41300,,,2017-11-21T22:04:47.000Z,,https://ipt-obis.gbif.us/resource?r=tpwd_harc_texassanantoniobay_trawl_20150202
fbf4cb59-cef3-43be-b0ab-0dbab5f51740,MARINe/PISCO: Intertidal: MARINe Long-Term Monitoring Surveys: Photo Plots and Transects Summarized,,41002,,,2025-06-11T19:34:34.000Z,,https://ipt-obis.gbif.us/resource?r=marine_ltm_photoplot_surveys
ed7cb012-2169-41e9-98b6-3da7c23d018f,"Specific diversity data of macrobenthic communities in the ""Pierre Noire"" study site in the English Channel from 1977 on",,40996,,,2025-09-17T08:37:23.000Z,,http://ipt.vliz.be/eurobis/resource?r=benthobs-pn
b5c04a10-f370-4816-b04e-0ab9648b2c17,Occurrences of planktonic organisms imaged by an Underwater Vision Profiler 6 on a SeaExplorer glider during the 2021 spring bloom in the North Western Mediterranean Sea,,40899,,,2026-03-06T15:07:23.000Z,,https://ipt.data-terra.org/resource?r=uvp6_glider_planktonic_organism_north_western_mediterranean_sea
2cfa5ef4-90e5-4c2f-8acf-578bf2e3f477,Tampa Bay Interagency Seagrass Monitoring Program,,40432,,,2026-07-01T13:33:30.000Z,,https://ipt-obis.gbif.us/resource?r=tbismp
b74b429a-4052-4f5b-bff3-fe0b5a2e8669,Type locality distributions from the World Register of Marine Species,,40358,,,2026-08-23T10:00:30.000Z,,http://ipt.vliz.be/eurobis/resource?r=worms_type_localities
10b213e6-a9c4-459e-a40c-ef9edc461b97,Marine data from the Bernice P. Bishop Museum,,40302,,,2023-03-20T17:02:07.000Z,,https://nzobisipt.niwa.co.nz/resource?r=bernicepbishopmuseum
f0e5ebdf-0685-49b3-bca7-74e0835ec0dc,Historical benthic data from the southern Baltic Sea (1839-2001),,40281,,,2025-09-17T08:32:21.000Z,,http://ipt.vliz.be/eurobis/resource?r=benthos_ostsee
36611427-0735-4b7a-ab45-16072397e038,Scottish Rockall Survey for commercial fish species,,40141,,,2025-09-17T09:11:03.000Z,,http://ipt.vliz.be/eurobis/resource?r=ices_datras_rockall
72f1ab78-1fc3-493d-943f-8e16c6112f26,PANGAEA - Data from paleoenvironmental reconstructions from marine sediments @ AWI,,39941,,,2025-09-17T08:36:05.000Z,,http://ipt.vliz.be/eurobis/resource?r=pangaea_2751
2a26be49-372e-42b0-894c-65ecfedb99cc,"Catch composition and measurement records from trawling, RV Investigator voyage IN2017_V05, North West Shelf, Australia (2017)",,39915,,,2023-11-30T02:01:08.000Z,,https://www.marine.csiro.au/ipt/resource?r=in2017_v05_catch
33edf19e-249d-4d20-993b-7c7f34e7bace,"Tracking of Little Penguins (Eudyptula minor) from Montague Islands, New South Wales coast, Australia (2012-2019)",,39875,,,2023-07-04T01:20:15.000Z,,https://www.marine.csiro.au/ipt/resource?r=montague_little_penguins
6ec96298-c3de-4767-9467-8ef2e486b5a7,TPWD HARC Texas Coastal Fisheries Aransas Bay Bag Seine,,39872,,,2021-11-14T15:16:58.000Z,,https://ipt-obis.gbif.us/resource?r=tpwd_harc_texasaransasbay_bagseine
f8bba1da-59a0-47f2-8b90-b1b6c7ee684f,"NESP A12: Northern Australia threatened species, Australia (1905-2020)",,39810,,,2022-11-14T02:06:25.000Z,,https://www.marine.csiro.au/ipt/resource?r=nesp_a12
be9b2e1b-5cbf-460a-b869-8a0bce7a09c1,DWRpredator09,,39402,,,2026-06-12T12:55:21.000Z,,https://members.oceantrack.org/ipt/resource?r=otndwrdwrpredator09
015f58ef-99a1-4ee7-b78a-84a3d473bef7,Nudi Pixel Nudibranch and Sea Slug Observations,,39354,,,2026-06-18T02:57:12.000Z,,https://bkmd.aseanbiodiversity.org/ipt/resource?r=nudipixelnudibranchseaslug
bbf10b27-f6f8-4258-a07b-9e764bd511f6,"St. Croix, USVI Fish Assessment and Monitoring Data (2002 - Present)",,39288,,,,,http://ipt.obis.org/nonode/resource?r=noaa_stcfish
5a9dda0b-bb6f-4f28-ad68-f43c1f3d330c,DFO Gulf Region Community Aquatic Monitoring Program (CAMP),,39219,,,2026-02-13T21:21:49.000Z,,http://ipt.iobis.org/obiscanada/resource?r=dfo_gulf_camp
d6235edc-85cc-4b55-951e-16d111e4e699,Microbial diversity in the Benguela coastal upwelling system as derived from 16S rRNA sequencing and RNA Stable Isotope Probing (SIP),,39129,,,2022-09-20T12:42:00.000Z,,https://hosted-datasets.gbif.org/mgnify/MGYS00002444.zip
57f47b43-dcf8-4c23-a56b-719cec84f8f3,DFO Quebec Region Ecosystemic bottom trawl survey 1990-2005,,38701,,,2025-02-06T21:20:58.000Z,,https://ipt.iobis.org/obiscanada/resource?r=quebec_occurence
c82dd852-a454-4a5b-8515-ece289f382d3,"Marine Microbes from RV Investigator voyage IN2014_E03, Australia (2014)",,38662,,,2022-06-22T14:40:57.000Z,,https://www.marine.csiro.au/ipt/resource?r=bioplatforms_mm_in2014_e03
d4d79b4c-627d-4691-ac82-263b9370ab58,marine sediment metagenome Metagenome,,38512,,,2022-09-20T12:42:00.000Z,,https://hosted-datasets.gbif.org/mgnify/MGYS00002664.zip
5db2ffe4-8764-4647-9271-467192832793,Australian National Fish Collection (ANFC),,38465,,,2023-11-30T02:05:56.000Z,,https://www.marine.csiro.au/ipt/resource?r=csiro_anfc
00032856-12cd-46ff-b9d5-ddeaecae3c95,Biota occurrence data from plankton surveys around New Zealand,,38448,,,2018-11-14T19:56:50.000Z,,https://nzobisipt.niwa.co.nz/resource?r=mbis_plankton
9c27b24d-e80f-4624-8f73-628b8fd7cb43,Fish community surveys for the Monitoring and Evaluation Programme of the North Sea OWEZ wind park between 2003 and 2011,,38307,,,2025-09-17T10:13:56.000Z,,http://ipt.vliz.be/eurobis/resource?r=owez_fish
43e4c2cc-5886-427f-a4a9-d47d2635d246,Historic whale catch data from Australian whaling stations (1925-1978),,38267,,,2023-06-28T03:36:53.000Z,,https://www.marine.csiro.au/ipt/resource?r=aus_whale_records
553e813b-993b-46f4-b42e-d3a5bf064572,Observatoire Pelagis - Reseau National Echouage (French stranding network) strandings 1934-2020,,38262,,,2025-10-08T22:53:55.000Z,,http://ipt.env.duke.edu/resource?r=zd_1406
c04414fb-9ac0-42d2-be21-f0754f416e04,Diversity of the Indo-Pacific (DIPnet),,38123,,,,,https://ipt.geome-db.org/resource?r=dipnet
5b6251f6-a7a5-4dc9-994d-c9504b54776f,"Rockfish Recruitment and Ecosystem Assessment Survey, Catch Data",,37830,,,2019-11-15T21:54:04.000Z,,https://ipt-obis.gbif.us/resource?r=rockfishrecruitmentandecosystemassessmentsurveycatchdata
a8a98929-f991-4407-af3a-40496f47297c,CSIRO - Great Barrier Reef seabed biodiversity study 2003-2006,,37804,,,2022-06-08T04:42:57.000Z,,https://www.marine.csiro.au/ipt/resource?r=csiro_gbr_sbd
f7a8bd7b-1c7f-4c99-8e20-ecfabeb02e75,Marine Intertidal Phase 1 species dataset from the Countryside Council for Wales 1996-2005,,37746,,,2025-09-17T09:09:45.000Z,,http://ipt.vliz.be/eurobis/resource?r=gbif_13994
7176d725-4046-4faa-8647-94ecf4dd8304,Ecological hyperbenthic data of the Scheldt estuary: historical data (1988-2001),,37723,,,2025-09-17T09:13:44.000Z,,http://ipt.vliz.be/eurobis/resource?r=scheldt_benthic_1988_2001
364e5a12-8028-4329-be50-fc548c2d6ce4,Biological observations from the Discovery Investigations 1925-1952,,37492,,,2019-03-15T09:22:20.000Z,,https://nzobisipt.niwa.co.nz/resource?r=discovery_reports
05f29159-ae9e-4d58-b9ed-2d67791e204b,Queensland Coastal Wetlands Resources Mapping Data - Mangroves,,37393,,,2023-06-29T03:08:09.000Z,,https://www.marine.csiro.au/ipt/resource?r=seamapaus_qld_coastal_wetlands
e437e667-a179-451d-87ba-96ea827dba9f,Northeast Area Monitoring and Assessment Program Near Shore Trawl Survey (NEAMAP),,37200,,,2018-03-13T20:23:21.000Z,,https://ipt-obis.gbif.us/resource?r=vims_neamap
a96e881a-df75-499f-9057-7a2b85604351,Florida Keys Reef Visual Census 2000,,37067,,,2025-06-03T17:19:02.000Z,,https://ipt-obis.gbif.us/resource?r=floridakeysreefvisualcensus2000
8196bdec-73b7-4b8d-84c3-ad503d878026,TU_Fish,,37037,,,2021-02-12T20:11:58.000Z,,https://fishair.org/ipt/resource?r=tu_fish
94829f49-bab5-48a5-9a64-38425f8ec640,The International Herring Larvae Surveys,,36898,,,2024-09-09T17:31:14.000Z,,http://ipt.vliz.be/eurobis/resource?r=ihls
085a40d0-c38a-482b-9549-84b5b693a072,marine sediment metagenome Targeted loci environmental,,36893,,,2022-09-20T12:42:00.000Z,,https://hosted-datasets.gbif.org/mgnify/MGYS00002672.zip
de2825af-7d83-4585-b6cb-118cff3774cd,Benthic fauna in Estonian territorial waters 1993-2016,,36813,,,2025-09-17T08:29:57.000Z,,http://ipt.vliz.be/eurobis/resource?r=zoobenthos_estonia_93-16
e35fcf81-e749-4bf5-a22c-b6e1cad8cbea,WADFW PSAMP W1996,,36608,,,2025-10-07T19:40:37.000Z,,http://ipt.env.duke.edu/resource?r=zd_246
e04abac3-6369-42e9-8b2f-755b131fac5b,Groundfish Survey Invertebrate Data,,36520,,,2021-05-27T11:27:24.000Z,,https://www.dassh.ac.uk/ipt/resource?r=mi_invertebrate
5591f393-fc15-461f-ab1f-da45e72339ee,PANGAEA - Data from Joint Global Ocean Flux Study (JGOF),,36435,,,2025-09-17T08:37:06.000Z,,http://ipt.vliz.be/eurobis/resource?r=pangaea_2739
2290e52e-0d07-4b76-9da1-6a30b4f579a3,Red Sea microbial plankton Raw sequence reads,,36260,,,2022-09-20T12:42:00.000Z,,https://hosted-datasets.gbif.org/mgnify/MGYS00002663.zip
c431bef6-78ce-4308-9e36-3561d18d4414,"Breeding avifauna of small Estonian islands and islets, national monitoring 1957-2016",,36241,,,2025-09-17T08:31:40.000Z,,http://ipt.vliz.be/eurobis/resource?r=breedingavifaunaestonia
6c0b73b2-c5e5-47a3-82f3-853be2a1f423,SOLA Raw sequence reads,,36136,,,2022-09-20T12:42:00.000Z,,https://hosted-datasets.gbif.org/mgnify/MGYS00004525.zip
98c3a921-3584-4a07-bb07-07ad84a6038e,"HMAP Dataset 01: SE Australian Trawl Fishery I: Fish (various) landings and fishing effort, South East Australia, 1918-1923",,36099,,,2025-09-17T08:38:46.000Z,,http://ipt.vliz.be/eurobis/resource?r=hmap_dataset_01_se_australian_trawl_fishery_i_1918-1923
d5303d4b-e154-49a9-a2df-ebef09fbc166,mabik_pi,,36089,,,2025-12-11T07:47:25.000Z,,https://www.mbris.kr/ipt/resource?r=mabik_pi
85006b5f-8fcd-49a3-9030-1d29852da278,Phytoplankton of the Ukrainian Black Sea shelf (1985-2005),,36035,,,2025-09-17T09:11:36.000Z,,http://ipt.vliz.be/eurobis/resource?r=derezuk_phytoplankton
2022bab1-37b3-4c15-8de8-ba8d68c3da71,TPWD HARC Texas Coastal Fisheries San Antonio Bay Bag Seine,,35973,,,2021-11-14T18:09:07.000Z,,https://ipt-obis.gbif.us/resource?r=tpwd_harc_texassanantoniobay_bagseine_20150202
5f197b1c-f82e-4ee1-877c-5b401f5afde3,Blanes Bay Microbial Observatory (BBMO) time-series 18S rRNA gene pico- and nano-plankton (10 years monthly samples),,35958,,,2025-07-31T13:53:00.000Z,,https://hosted-datasets.gbif.org/mgnify/MGYS00006676.zip
386ac1f4-922d-4991-ada2-0ce50dfd3ba7,"North Sea observations of Crustacea, Polychaeta, Echinodermata, Mollusca and some other groups between 1986 and 2003",,35857,,,2025-09-17T08:32:34.000Z,,http://ipt.vliz.be/eurobis/resource?r=zma_noordzee
6e214947-9972-4b5b-9b1e-23d8eded90ba,"Near-seafloor imagery survey benthic taxa occurrences in 2016 and 2017 of three Ecologically and Biologically Significant Areas in Southwest New Brunswick, Canada (Head Harbour/West Isles/the Passages, The Wolves Islands, and Southern Grand Manan)",,35778,,,2026-04-14T18:45:01.000Z,,https://ipt.iobis.org/obiscanada/resource?r=near-seafloor_imagery_surveys_in_2016_and_2017_of_three_ebsas_in_southwest_new_brunswick_canada
1ab6f729-8cc8-4400-8a3a-080a08f42d3d,Florida Keys Reef Visual Census 1998,,35766,,,2025-06-03T17:19:44.000Z,,https://ipt-obis.gbif.us/resource?r=floridakeysreefvisualcensus1998
9daa7bfc-b42b-433c-b0f7-3a5ecc0a3bdf,Helgoland 2019,,35747,,,2025-07-31T15:00:00.000Z,,https://hosted-datasets.gbif.org/mgnify/MGYS00006686.zip
eb82a737-66d1-495e-a5da-2745b5fc0152,Phytoplankton data for Danish marine monitoring (ODAM) from 1988 - 2016,,35702,,,2025-09-17T09:49:37.000Z,,http://ipt.vliz.be/eurobis/resource?r=odam_phytoplankton
4f047510-f0e4-4eed-a89f-25a2ca5c2754,WADFW PSAMP W2003,,35555,,,2025-10-07T19:34:14.000Z,,http://ipt.env.duke.edu/resource?r=zd_241
5fdd3b93-699d-4402-9f58-ad67518d92d0,"National monitoring program for non-indigenous species (NIS), Sweden 2024",,35488,,,2026-05-04T10:41:14.000Z,,https://www.gbif.se/ipt/resource?r=nis_monitor_2024
a03764a6-2035-4dac-9def-0136df8936de,Florida Keys Reef Visual Census 2003,,35332,,,2025-06-03T17:23:39.000Z,,https://ipt-obis.gbif.us/resource?r=floridakeysreefvisualcensus2003
0a92deef-a73d-469b-b3fd-5d3e5f2ba2a0,Australian Waterbird Surveys (1983-2018),,35310,,,2022-06-07T05:52:39.000Z,,https://www.marine.csiro.au/ipt/resource?r=aws_surveys
58f229d6-8aad-4d85-b4b6-621d4f25d5ec,Museums Victoria Ichthyology Collection,,35263,,,2022-06-08T01:34:26.000Z,,https://www.marine.csiro.au/ipt/resource?r=nmv_ichthyology
b1253eed-05ce-41bc-9cb9-0fe001ec37b5,"Tracking of hawksbill and green turtles on the North-west Shelf, Western Australia (2017-2018)",,35193,,,2022-06-07T05:54:21.000Z,,https://www.marine.csiro.au/ipt/resource?r=zoatrack_534_526_turtles
8faf0e94-1c0e-479d-942c-7f21a4c0a5b4,Tasmanian Museum and Art Gallery provider for OZCAM - marine records,,35060,,,2022-06-07T06:01:06.000Z,,https://www.marine.csiro.au/ipt/resource?r=tmag_marine
b2fe1445-9bb8-4849-962b-0696d0e3e29f,DFO Gulf Region Snow Crab Research Trawl Surveys,,35007,,,,,http://ipt.obis.org/nonode/resource?r=dfo_gulf_snowcrabsurveys
cfcac3e3-8434-484b-a914-6e4cc0bfba73,2012-ongoing UK Offshore Marine Conservation Zone (MCZ) Survey Data,,34957,,,2019-08-02T14:22:03.000Z,,https://www.dassh.ac.uk/ipt/resource?r=emodnet_07_cefas_mcz_improved
dfdd80fe-1f64-4926-bc75-a639b6ec5925,"Plankton community in Régent (680µm) net, Point B, Villefranche-sur-Mer, France",,34933,,,2026-08-12T08:07:31.000Z,,http://ipt.vliz.be/eurobis/resource?r=dasid_6506
6963aa86-a154-459c-aeb0-0496668512f6,"Marine Biological Sample Database, JAMSTEC",,34895,,,2026-08-12T06:39:01.000Z,,https://www.godac.jamstec.go.jp/ipt/resource?r=jamstec_sampledb
28ec3ad1-8499-452c-b402-533ebb985fdb,NOAA National Coral Reef Monitoring Program Coral Demographic Data,,34806,,,2025-02-24T15:17:13.000Z,,https://ipt-obis.gbif.us/resource?r=noaa_ncrmp_demographic_data
92430db9-eccc-4b53-a7d0-1d89250bff4f,"TRIAP Franklin 2008 Waterbirds - Marine records, Northern Australia (1900-2002)",,34695,,,2026-08-13T05:54:16.000Z,,https://www.marine.csiro.au/ipt/resource?r=acef_triap_birds
7140a522-1379-452e-a8a7-8841a96fe656,Datos de monitoreo asociados al indicador de condición tendencias para peces arrecifales - ICTac,,34437,,,2022-03-08T23:17:30.000Z,,https://ipt.biodiversidad.co/sibm/resource?r=invemar_pitac_peces
972f6a81-61f1-4fe3-ad64-9a2d54cd0c95,"Estimation of Cod Movements in the Northern Gulf (3Pn, 4RS) in the Strait of Belle Isle",,34339,,,2025-11-05T21:44:37.000Z,,https://members.oceantrack.org/ipt/resource?r=otnffawestimationofcodmov
f7777a70-e23c-436a-a0cb-9200bf87e194,"Marine and Coastal Research Institute - INVEMAR, Colombia,IABIN",,34164,,,,,http://ipt.obis.org/nonode/resource?r=invemar_obis
a9848680-b804-455a-b6b5-2c5c1d0dbcde,Historical distribution of whales shown by logbook records 1785-1913,,34054,,,2025-10-08T00:34:08.000Z,,http://ipt.env.duke.edu/resource?r=zd_885
0b42117b-0522-44a9-baea-253fff0771a8,Florida Keys Reef Visual Census 2005,,33980,,,2025-06-03T17:24:31.000Z,,https://ipt-obis.gbif.us/resource?r=floridakeysreefvisualcensus2005
d8ecc69c-1171-47d2-8cd8-e8a226e449c7,"Australian Institute of Marine Science (AIMS) - Baited Remote Underwater Video Station (BRUVS), Australia (1999 to present)",,33851,,,2023-06-29T03:42:56.000Z,,https://www.marine.csiro.au/ipt/resource?r=aims_bruvs
e815809e-fcb5-4ee7-8edd-639aa4b4892d,"Phytoplankton from the White Sea, Barents Sea, Norwegian Sea and Arctic Basin 1993-2003",,33818,,,2019-09-04T10:54:41.000Z,,http://geo.abds.is/ipt/resource?r=arcod_2007p6
5df9142f-39ea-4009-bdf8-e706fe32a9f6,TOPP Albatrosses 2002-06,,33789,,,,,http://ipt.env.duke.edu/resource?r=zd_477
0fe15290-30c3-4caa-a8e9-0c194ff6b84f,TPWD HARC Texas Coastal Fisheries Matagorda Bay Gill Net,,33737,,,2022-01-03T20:52:16.000Z,,https://ipt-obis.gbif.us/resource?r=tpwd_harc_texasmatagordabay_gillnet_20150130
5ea4f836-9e28-4542-ac4a-af10630fbb7a,CRED REA Algal Quadrate Images in the Pacific Ocean 2002-2008,,33716,,,,,http://ipt.obis.org/nonode/resource?r=cred_benthic_algae_photoquad
4948203e-5c4f-4454-9e49-074f408afb9b,Mediterranean Ocean Biodiversity Information System,,33653,,,2025-09-17T08:34:46.000Z,,http://ipt.vliz.be/eurobis/resource?r=medobis
6a3833f7-2857-4df4-af1c-69f1632d69c3,POPA- Fisheries Observer Program of the Azores: Seabird sightings in the Azores tuna fishery from 1998 to 2013: while fishing,,33616,,,2025-09-17T10:11:55.000Z,,http://ipt.vliz.be/eurobis/resource?r=popa_birds_sightings_while_fishing_1998_2013
4f33dadf-6972-4f1d-9ea6-69a4b8d1a813,HMAP Dataset 10: Catalonian Coast,,33604,,,2025-09-17T10:13:13.000Z,,http://ipt.vliz.be/eurobis/resource?r=hmap_10
f17d8dae-4125-4a45-a491-81f8d018e19c,Museum and Art Gallery of the Northern Territory Ichthyology Collection - Marine records,,33467,,,2023-06-28T03:28:54.000Z,,https://www.marine.csiro.au/ipt/resource?r=magnt_ichthyology
6fa97dc7-f88a-4cee-9dd9-ab2de9b71a19,Regional and vertical patterns in microbial communities across Fram Strait (2015-2019),,33416,,,2025-07-31T16:37:00.000Z,,https://hosted-datasets.gbif.org/mgnify/MGYS00006714.zip
1123992d-bdd3-4fc4-ae83-aa3938a53781,WADFW PSAMP W1997,,33312,,,2025-10-07T19:42:05.000Z,,http://ipt.env.duke.edu/resource?r=zd_247
81b2d57a-6ea6-46f2-93f7-8aa772731d61,"New Zealand sea lion (Phocarctos hookeri) movement and dive data - Campbell Island/Motu Ihupuku, New Zealand (2012-2015)",,33285,,,2023-11-15T23:36:11.000Z,,https://www.marine.csiro.au/ipt/resource?r=motu_ihupuku_nz_sea_lions
7e00bbac-3ca0-4c25-a80c-09e0faad1f3b,IPHC seabird survey 2002-2011,,33169,,,2025-10-08T00:28:14.000Z,,http://ipt.env.duke.edu/resource?r=zd_828
b8021b2a-6b27-4833-aa19-91631595c397,WADFW PSAMP W1993,,32989,,,2025-10-07T19:36:38.000Z,,http://ipt.env.duke.edu/resource?r=zd_243
85d91292-efc6-4938-b6d4-17131ed4388f,Happywhale - Humpback whale in South Pacific Ocean,,32958,,,2026-07-15T18:36:33.000Z,,http://ipt.env.duke.edu/resource?r=zd_1768
7198e1a6-fe92-4a4a-8d89-985e19f2eda9,Marine Water Column Samples Targeted loci environmental,,32907,,,2022-09-20T12:42:00.000Z,,https://hosted-datasets.gbif.org/mgnify/MGYS00002652.zip
1701dd73-9a96-48c8-9049-e5b1ca3c6993,South East Fishery (SEF) Ecosystem Study 1993-1996: Fish Diet Data. Australia (1993-1997),,32873,,,2022-06-08T04:34:36.000Z,,https://www.marine.csiro.au/ipt/resource?r=csiro_sef_diet
dcefc432-91e4-4d0f-a2e9-a08fbfaf018a,Okeanos Explorer (EX2306): Seascape Alaska 5: Gulf of Alaska Remotely Operated Vehicle Exploration and Mapping,,32787,,,2026-05-11T22:05:32.000Z,,https://ipt-obis.gbif.us/resource?r=ex2306
68a2ea41-c3bf-4dfb-9ca2-27cb2cae7616,Monitoring offshore subtidal marine biodiversity in the Eastern Shore Islands Area of Interest using eDNA Metabarcoding,,32583,,,2026-04-28T18:56:16.000Z,,https://ipt.iobis.org/obiscanada/resource?r=dfo_esi_offshore_2023
e06daf5d-9e6b-44e1-a6a7-cc91a3ee1f3b,Queensland Museum Fishes - Marine records,,32566,,,2023-06-28T03:19:43.000Z,,https://www.marine.csiro.au/ipt/resource?r=qm_fish
3372307c-b049-4f45-b870-a33ca23b3554,Epibenthos and demersal fish monitoring data in function of wind energy development in the Belgian part of the North Sea,,32491,,,2025-09-17T08:37:32.000Z,,http://ipt.vliz.be/eurobis/resource?r=epi_benth_windmills
208d760e-7a45-44ce-889e-f2d8b144858a,WADFW PSAMP W1994,,32384,,,2026-04-28T16:07:10.000Z,,http://ipt.env.duke.edu/resource?r=zd_244
c07bd817-b505-4f74-8b01-35889ddb4c18,Seabirds sightings of PELACUS surveys: Continental shelf of Galicia and Bay of Biscay - Database of the Spanish Institute of Oceanography (IEO-CSIC),,32369,,,2025-09-17T08:34:46.000Z,,https://ipt.vliz.be/eurobis/resource?r=pelacus_seabirds
0c7b3f51-33c8-494c-ab8a-c5bd28f40f87,Delaware Museum of Nature and Science – Mollusks,,32267,,,,,https://invertebase.org/portal/content/dwca/DMNH-Mollusk_DwC-A.zip
9d699bfd-d73a-4b55-b113-6c0a8551f481,"IMOS - Phytoplankton Abundance and Biovolume (CPR), Australia (2007 to present)",,32257,,,2023-11-30T04:22:06.000Z,,https://www.marine.csiro.au/ipt/resource?r=imos_auscpr_phyto
cda0da6a-9a18-4ed9-9077-ed4ad461d9f3,Florida Keys Reef Visual Census 1997,,32189,,,2025-06-03T17:25:26.000Z,,https://ipt-obis.gbif.us/resource?r=floridakeysreefvisualcensus1997
b0a7add2-dd9e-4020-9ca4-5df048c8f6a2,Biological samples from the french oceanographic fleet's deep-sea cruises,,32049,,,,,http://ipt.vliz.be/eurobis/resource?r=biocean
5b235cbe-37fb-400a-bd59-d03aad7c8fc4,Queensland Museum Other Invertebrates - marine records,,32024,,,2023-06-28T04:40:32.000Z,,https://www.marine.csiro.au/ipt/resource?r=ala_co201
b91527ef-521d-4e8c-aeec-e554118a6618,WADFW PSAMP W2004,,31787,,,2025-10-07T19:35:22.000Z,,http://ipt.env.duke.edu/resource?r=zd_242
0c9c73d0-7fa1-4c6d-b18b-9affde19eb60,The crustaceans collection (IU) of the Muséum national d'Histoire naturelle (MNHN - Paris) in the southwest Pacific region,,31485,,,2018-08-08T21:09:13.000Z,,https://nzobisipt.niwa.co.nz/resource?r=mnhn_crustaceans
a0d5f629-c546-4126-95b8-14d8bc831d20,BMSM Bailey-Matthews National Shell Museum,,31455,,,,,https://ipt.idigbio.org/resource?r=bmnsm-shell
bd1e0c2d-d0db-4e95-8f47-b22c08fb7120,Biogeography Scheldt Estuary,,31300,,,2025-09-17T08:38:18.000Z,,http://ipt.vliz.be/eurobis/resource?r=scheldtestuary
f3416b37-508f-45f0-a91f-165800611f4d,Intertidal and Subtidal Macroalgae taxa data from French REBENT Network,,31103,,,2025-09-17T08:34:45.000Z,,http://ipt.vliz.be/eurobis/resource?r=intertidal_subtidal_macroalgae
fa8176bc-d5dd-4c1c-ae78-6b9cb359dc8d,Incidental sightings of marine mammals,,31081,,,2018-12-13T12:14:15.000Z,,https://gbif.imr.no/ipt/resource?r=imr_mammals
681d6731-c74b-4b38-ba19-239b794dd174,Rügen Herring Larvae Survey,,31003,,,2024-09-09T17:36:22.000Z,,http://ipt.vliz.be/eurobis/resource?r=ices_eggs_rugen_herring
af43ae80-11b6-467a-a902-822ba33377d8,WADFW PSAMP W1998,,30977,,,2025-10-07T19:43:12.000Z,,http://ipt.env.duke.edu/resource?r=zd_248
3baccff9-ea0e-4b9c-9063-c7cde5c287b1,CHALIST survey catch data: Bentho-demersal assemblages of the Gulf of Lion (North-western Mediterranean) from 1983 to 1992,,30905,,,2025-09-17T09:12:09.000Z,,https://ipt.vliz.be/eurobis/resource?r=chalist_survey_catch_data
314bb323-e71b-4d5d-91f7-cb232a17b949,Bacterial Diversity in the East China Sea,,30865,,,2022-09-20T12:42:00.000Z,,https://hosted-datasets.gbif.org/mgnify/MGYS00002661.zip
4de38683-84d2-4ee5-b45c-582b31c51c18,"Western Australian Museum Mollusc Collection, Australia (1905-2016)",,30742,,,2023-06-28T03:56:45.000Z,,https://www.marine.csiro.au/ipt/resource?r=ala_co271
1ad423c7-dba3-426f-b814-f0808413a708,DFO Pacific IOS zooplankton database - Line P,,30681,,,2022-03-29T20:37:19.000Z,,http://ipt.iobis.org/obiscanada/resource?r=obis_dfo_ios_plankton_linep
275ca552-98ad-403f-a2ab-f76b8391b442,Porcupine Marine Natural History Society Dataset,,30494,,,2024-03-05T12:32:42.000Z,,https://www.dassh.ac.uk/ipt/resource?r=dasshdt00000459
e49ec110-4fc2-49a7-b409-7537312e7d52,"Condition of rocky reef communities around Tasmania: algal surveys, Australia (1992-1995 and 2006-2007)",,30312,,,2023-06-28T03:45:03.000Z,,https://www.marine.csiro.au/ipt/resource?r=imas_rocky_reef_algal
ff4fbad2-4dc2-4eda-804c-d0e1b12eb842,TPWD HARC Texas Coastal Fisheries Lower Laguna Madre Bag Seine,,30178,,,2021-11-14T15:39:59.000Z,,https://ipt-obis.gbif.us/resource?r=tpwd_harc_texaslowerlagunamadre_bagseine_20150130
4a606f86-2e7b-44a3-b50d-3d55a887a11f,DMNS Marine Invertebrate Collection (Arctos),,30096,,,2026-08-02T00:09:44.000Z,,https://ipt.vertnet.org/resource?r=dmns_inv
955179d9-77a5-4bdf-a796-1a3d1ee4b2b8,DFO Quebec Region Mingan Archipelago Icelandic Scallop Survey 1990-2019,,30012,,,2023-11-21T16:13:13.000Z,,https://ipt.iobis.org/obiscanada/resource?r=dfo_que_min_ci
4c9f5c30-1d78-4529-ad1a-bb2c8df04b6d,Data on coral species occurrences in Japan since 1929,,29864,,,2026-04-24T07:24:00.000Z,,https://www.godac.jamstec.go.jp/ipt/resource?r=nies_coraloccurrence
14fa3c3e-259c-4af9-9314-eee1dc3a119b,MAREANO - Base-line mapping of epifauna obtained with Beamtrawl,,29825,,,2024-09-09T16:33:59.000Z,,http://ipt.vliz.be/eurobis/resource?r=imr_mareano_beamtrawl
72f57b21-edca-48c8-a55e-b4fce78ac746,Dry Tortugas Reef Visual Census 2000,,29771,,,2025-06-03T17:26:35.000Z,,https://ipt-obis.gbif.us/resource?r=drytortugasreefvisualcensus2000
dc9c4c41-ec01-422f-9770-fb2061570142,Seabird Atlas of South-eastern Australian Waters 1975-1993,,29664,,,2022-06-08T01:39:31.000Z,,https://www.marine.csiro.au/ipt/resource?r=seabird_atlas_southeast_australia
a854be25-340d-4472-9017-2e71a1bbdd2a,Marine methane seep Targeted Locus (Loci),,29564,,,2022-09-20T12:42:00.000Z,,https://hosted-datasets.gbif.org/mgnify/MGYS00002655.zip
ef6efb6d-c303-49e8-8760-76f1682dd21e,Monitoreo de las condiciones ambientales y los cambios estructurales y funcionales de las comunidades vegetales y de los recursos pesqueros durante la rehabilitación de la Ciénaga Grande de Santa Marta,,29552,,,2023-12-12T20:23:07.000Z,,https://ipt.biodiversidad.co/sibm/resource?r=invemar-caricomp-manglares
ba91e513-7bed-4d1a-ba5a-0cd926b76b46,WADFW PSAMP W2000,,29468,,,2025-10-07T19:30:37.000Z,,http://ipt.env.duke.edu/resource?r=zd_238
d2cb6c21-b506-41fe-9017-eb22086b191c,Cape Breton Highlands National Park salmon tracking,,29438,,,2026-06-15T16:47:38.000Z,,https://members.oceantrack.org/ipt/resource?r=otncbhnpcapebretonhighlan
67c16cec-808b-419d-9dd5-c1ca685af89c,"Zooplankton community in WP2 net (200µm), PNMIR cruises, Parc Naturel Marin d'Iroise, France",,29272,,,2026-08-13T08:20:07.000Z,,http://ipt.vliz.be/eurobis/resource?r=dasid_6511
a17af320-138c-40a7-a9a3-0dde2983b8d1,Spatial distribution of plankton in the Cabo Frio Upwelling System in the South Brazilian Shelf,,29268,,,2025-09-17T08:37:03.000Z,,https://ipt.vliz.be/eurobis/resource?r=ieapm-plankton-sbs
5c2508f8-e945-429f-b091-57b06d71031b,Romanian Black Sea Zooplankton data from 2001 to 2010,,29126,,,2025-09-17T08:32:18.000Z,,https://ipt.vliz.be/eurobis/resource?r=ro_black_sea_zpk_2001_2010
42334eea-fbf8-4b1e-9e62-85008bcc3bf6,WADFW PSAMP W1999,,28965,,,2025-10-07T19:44:20.000Z,,http://ipt.env.duke.edu/resource?r=zd_249
7f28b95f-4a2e-45d7-b13f-c0a1e335973f,Picoplankton 16S rRNA gene sequences (DNA and RNA) from Vertical Profiles (surface to 4000m depth) sampled during the Malaspina 2010 circumglobal expedition,,28818,,,2025-07-31T13:30:00.000Z,,https://hosted-datasets.gbif.org/mgnify/MGYS00006660.zip
76e20e5d-0bbc-4a0f-90c7-598a3edd4258,Hakai Institute Juvenile Salmon Program,,28805,,,2023-12-06T19:09:17.000Z,,http://ipt.iobis.org/obiscanada/resource?r=hakai_jsp
7238ea93-4e76-463a-82c7-e063157e05a7,Florida Keys Reef Visual Census 1999,,28785,,,2025-06-03T17:27:43.000Z,,https://ipt-obis.gbif.us/resource?r=fk1999
36693923-2abf-4237-8154-8016f32844a0,Pacific Reef Assessment and Monitoring Program: Rapid Ecological Assessments of Fish Large-Area Stationary Point Count Surveys (SPC) at Coral Reef Sites across the Pacific Ocean from 2000 to 2007,,28745,,,2021-08-25T16:50:22.000Z,,https://ipt-obis.gbif.us/resource?r=pifsc_spc_fish_pacific
2102c55e-588b-4c35-96c7-822fd50c3437,University of Amsterdam (NL) - Benthos monitoring of the North Sea research database,,28723,,,2025-06-11T12:48:48.000Z,,http://ipt.vliz.be/eurobis/resource?r=gbif_9186
b1363fbb-afec-4dc7-85b6-39b8a5ebb55c,Personal library collection of Martin Angel of published and unpublished Halocyprid (Ostracoda) occurrences,,28597,,,2025-09-17T08:42:38.000Z,,http://ipt.vliz.be/eurobis/resource?r=library_martinangel_halocyprida
79018071-2697-45cf-9dc8-f40ab8123508,Future climate change affects the microbiome and condition of habitat-forming kelp,,28328,,,2022-09-20T12:42:00.000Z,,https://hosted-datasets.gbif.org/mgnify/MGYS00004519.zip
0da744a6-38cc-473b-a2ea-b44202272036,"Kelp habitat density and composition from underwater video, east coast Tasmania, Australia (2020-2021)",,28322,,,2022-10-18T00:32:31.000Z,,https://www.marine.csiro.au/ipt/resource?r=kelp_habitat_composition
4387a724-f0b3-4690-966f-80de914f4ca1,Bacterial Biogeography of Coastal Water in the Northern East China Sea,,28249,,,2022-09-20T12:42:00.000Z,,https://hosted-datasets.gbif.org/mgnify/MGYS00002644.zip
a9114765-9e28-4a43-9987-4fd9f398748a,"St. John, USVI Fish Assessment and Monitoring Data (2002 - Present)",,28123,,,,,http://ipt.obis.org/nonode/resource?r=noaa_stjfish
ddc5a74e-79b0-4ed7-a8de-ceed75bc341e,TPWD HARC Texas Coastal Fisheries Corpus Christi Bay Bag Seine,,28062,,,2022-11-07T22:15:24.000Z,,https://ipt-obis.gbif.us/resource?r=tpwd_harc_texascorpuschristie_bagseine_20150130
6dd0f509-bf81-44ac-9604-130dccbb0126,Short-term interaction of pyrene and cadmium in prokaryotic community in coastal sediment microcosms,,28038,,,2022-09-20T12:42:00.000Z,,https://hosted-datasets.gbif.org/mgnify/MGYS00002528.zip
840518b7-d230-4461-b8fb-1382d054b31f,ReefSYN | Standardized datasets of Brazilian reef diversity in space and time - Dataset III: Arraial do Cabo (Rio de Janeiro) fish monitoring,,27955,,,2026-07-08T23:16:06.000Z,,https://ipt.sibbr.gov.br/obis-brasil/resource?r=arraialdocabo_brazil_fishingmonitoring
de87c3a3-cf49-42a3-8fb5-049447a1e4ef,SOMBASE BIOCONSTRUCTORS,,27795,,,2024-08-05T11:47:54.000Z,,https://ipt.biodiversity.aq/resource?r=bas_sombase-bioconstructors
4a109ede-6f9b-40d8-bac2-df483c3fca54,Extracellular DNA marine sediment Targeted Locus (Loci),,27677,,,2022-09-20T12:42:00.000Z,,https://hosted-datasets.gbif.org/mgnify/MGYS00002565.zip
0a6c216b-0abe-44d2-a45c-43d9611e2a03,Western Australian Museum Marine Invertebrate Collection (1904-2018),,27513,,,2023-06-28T03:23:44.000Z,,https://www.marine.csiro.au/ipt/resource?r=wam_marine_inverts
3e0eb6f8-2704-4369-be11-d3d58e9f1bd2,WADFW PSAMP W2001,,27468,,,2025-10-07T19:31:52.000Z,,http://ipt.env.duke.edu/resource?r=zd_239
b0033e6e-857d-44b4-8518-8cde2bc62a2c,Mariana and Kermadec Trench sediment 16S rRNA gene sequencing,,27438,,,2022-09-20T12:42:00.000Z,,https://hosted-datasets.gbif.org/mgnify/MGYS00002605.zip
07d39abf-bd4a-4d8b-8deb-4adc77a7458b,WADFW PSAMP W2002,,27280,,,2025-10-07T19:33:02.000Z,,http://ipt.env.duke.edu/resource?r=zd_240
c9199fb8-fd9d-4137-a3bb-63a127977c67,Queensland Museum Porifera,,27271,,,2023-06-28T03:20:05.000Z,,https://www.marine.csiro.au/ipt/resource?r=qm_porifera
8d23af49-296a-4777-8e31-8b2c2dedad26,Namdeb Diamond Corporation Limited Marine Monitoring Programme,,27202,,,2020-12-02T14:08:39.000Z,,http://ipt.iobis.org/afrobis/resource?r=namdeb_benthos
a08db4f0-5df1-4ff3-a9c8-4af42a31cdba,POPA- Fisheries Observer Program of the Azores: Tuna species caught in the Azores tuna fishery from 1998 to 2013,,27024,,,2025-09-17T08:42:49.000Z,,http://ipt.vliz.be/eurobis/resource?r=popa_tuna_recorded_in_the_fishery_1998_2013
24850703-dd0d-4c60-92d8-f32376b38b2a,Toxic phytoplankton dynamics on the Portuguese Coast,,26988,,,2024-10-08T13:36:12.000Z,,http://ipt.gbif.pt/ipt/resource?r=toxic_phytoplankton
1bcef367-cb04-4cf6-ab1e-eab1c2b0172a,PANGAEA - Data from Global environmental change: the Northern North Atlantic,,26883,,,2025-09-17T08:37:06.000Z,,http://ipt.vliz.be/eurobis/resource?r=pangaea_2738
7e2053af-4cbc-4dca-ab94-6733ca52e4ad,RBINS Mollusc collection,,26841,,,2025-03-13T14:36:39.000Z,,https://ipt.naturalsciences.be/resource?r=be_rbins_invertebrates_mollusca
4e67e1b7-7bee-45ff-9d63-04d4e7da302b,Microbial diversity in the Tongyeong-Geoje coastal area of Korea2,,26829,,,2022-09-20T12:42:00.000Z,,https://hosted-datasets.gbif.org/mgnify/MGYS00002647.zip
3cc6b8b9-fb31-4e04-adc5-2443e4dba6f8,Universal Amplicon Sequences (mixed 16S/18S) from GEOTRACES Cruises GA03 and GP13,,26767,,,2022-09-22T08:44:00.000Z,,https://hosted-datasets.gbif.org/mgnify/MGYS00005710.zip
49743994-7d38-41ed-a91f-0674bbb182c7,Dry Tortugas Reef Visual Census 1999,,26600,,,2025-06-03T17:28:18.000Z,,https://ipt-obis.gbif.us/resource?r=drytortugasreefvisualcensus1999
22940bb9-80b7-431b-a3c3-2b937714ddf1,POPA- Fisheries Observer Program of the Azores: Marine mammal sightings in the Azores tuna fishery from 1998 on: during navigation or search mode,,26520,,,2025-09-17T08:40:06.000Z,,http://ipt.vliz.be/eurobis/resource?r=popa_marine_mammals_sightings_1998_2013
bf57b33a-b10e-4230-a2e3-e3b30fdad174,ReefSYN | Standardized datasets of Brazilian reef diversity in space and time - Dataset VI: Santa Catarina reef fish monitoring,,26502,,,2026-01-20T14:25:04.000Z,,https://ipt.sibbr.gov.br/obis-brasil/resource?r=reefsyn_sc_timefish
29ea15ed-8f76-40ca-bd14-58c62e10b2ef,"At-Sea Observations of Seabirds 1969 to 1990, Tasman Sea, New Zealand and Australian waters",,26397,,,2025-12-29T04:56:29.000Z,,https://www.marine.csiro.au/ipt/resource?r=asms_nz
a18f9433-63cc-4d93-89af-2fb77c324225,UNH - Coastal New England MBON - Atlantic cod,,26379,,,2026-06-03T15:19:16.000Z,,https://members.oceantrack.org/ipt/resource?r=otnunhunh-coastalnewengla
9e61307b-c760-469e-bb75-069706e3f790,Zooplankton in the Ukrainia Black Sea shelf (1989-2005),,26356,,,2025-09-17T09:49:05.000Z,,http://ipt.vliz.be/eurobis/resource?r=lyumkis
55b72c40-8d23-4636-aea9-986c79955515,Amplicon 18S rRNA Illumina TAGs from Malaspina Bathypelagic samples,,26258,,,2025-07-31T13:24:00.000Z,,https://hosted-datasets.gbif.org/mgnify/MGYS00006659.zip
2ecb5b5d-bb72-4a69-955c-6477ec86522f,TPWD HARC Texas Coastal Fisheries San Antonio Bay Gill Net,,26239,,,2022-01-03T21:47:06.000Z,,https://ipt-obis.gbif.us/resource?r=tpwd_harc_texassanantoniobay_gillnet_20150202
9d629feb-ba03-4a83-908c-794d94d30531,Ocean Genome Legacy Collection,,26146,,,2022-08-15T18:21:48.000Z,,https://ipt-obis.gbif.us/resource?r=ogl_msc_northeasternuniversity
3306ab73-852e-4d59-aa32-7408cea1fdb5,"Belt transect surveys to monitor benthic community structure at selected research and control sites, east coast Tasmania, Australia (2008-2011)",,26097,,,2023-06-30T00:13:35.000Z,,https://www.marine.csiro.au/ipt/resource?r=urchin_barrens_macroalgae_invert_surveys
d5d038ac-e400-4381-8283-a0ef9efa9dae,Scotian Shelf Snow Crab Tagging,,25991,,,2026-06-15T18:33:32.000Z,,https://members.oceantrack.org/ipt/resource?r=otndfo-bioscotianshelfsno
b86ad124-78ff-4553-9af4-6226d0c2bd49,"Shippagan, NB: Cod tagging",,25988,,,2023-09-24T16:20:26.000Z,,https://members.oceantrack.org/ipt/resource?r=otndfo-gfcshippagannbco
0290a54a-6ba8-4436-b116-a328f45a61e9,HELCOM/ASCOBANS Harbour Porpoise observations,,25978,,,2026-04-29T11:55:20.000Z,,https://ipt.vliz.be/eurobis/resource?r=helcom_ascobans
236070b0-e8d2-41aa-aecc-848f457c3e1e,Epibenthos and demersal fish monitoring in function of aggregate extraction in the Belgian part of the North Sea,,25887,,,2025-09-17T09:08:48.000Z,,http://ipt.vliz.be/eurobis/resource?r=epi_benth_aggregate
acf75b45-f320-4a58-a648-fbe2c87dd1be,Reef Life Survey (RLS) around New Zealand region: Reef fish dataset,,25882,,,2018-08-08T21:15:36.000Z,,https://nzobisipt.niwa.co.nz/resource?r=reef_life_fish
1d3d2e69-3256-44c4-af75-ca6491f795c6,CRED Towed-Diver Fish Biomass Surveys in the Pacific Ocean 2000-2010,,25834,,,,,http://ipt.obis.org/nonode/resource?r=cred_fish_tds
790f9ddf-433c-4e47-aa6c-ccef0b8634fa,KOBIS database,,25741,,,2018-11-12T15:03:42.000Z,,http://ipt.iobis.org/obis-malaysia/resource?r=korea_kobisv1
bbf8d1a8-705e-43f7-bdcb-cced8bf4a40c,Epipelagic mesozooplankton distribution and abundance in Southern Ocean Atlantic sector and the North Atlantic and Arctic 1996-2013,,25723,,,2020-06-03T11:18:54.000Z,,https://ipt.biodiversity.aq/resource?r=bas_bongo
b1ba4d4e-1adb-4f76-9a27-65ab3549ca7b,Biological rejuvenation of iron oxides in bioturbated marine sediments,,25684,,,2022-09-20T12:42:00.000Z,,https://hosted-datasets.gbif.org/mgnify/MGYS00002448.zip
5ddc9421-920b-4823-9172-10c9fa9d916a,"Data from: Impacts of predator depletion by fishing on the biomass and diversity of non-target reef fish communities (Kadavu Islands, Fiji)",,25536,,,2024-08-24T01:59:34.000Z,,https://nzobisipt.niwa.co.nz/resource?r=fiji_reef_fish_jennings_polunin_1997
e1aea48a-95f0-4b17-a4a6-06459b3a6d43,Impact of a major inflow event on the composition and distribution of bacterioplankton communities in the Baltic Sea,,25525,,,2022-09-20T12:42:00.000Z,,https://hosted-datasets.gbif.org/mgnify/MGYS00003164.zip
c5bfe9a3-0070-427c-a69c-cabd36f0632c,"Marine mammal aerial surveys in the Bering, Chukchi and Beaufort Seas 1979-2010",,25488,,,2025-10-08T00:27:06.000Z,,http://ipt.env.duke.edu/resource?r=zd_825
81621597-dfd5-4657-b660-ba0f7924a8e3,NCOS1959_Crustacea,,25342,,,2025-11-10T15:14:12.000Z,,http://ipt.iobis.org/seaobis/resource?r=ncos1959_crustacea
af5cffee-635c-42b7-80df-9dbca0143e20,"Plankton community in WP2 net (200µm), Point B, Villefranche-sur-Mer, France",,25329,,,2026-08-12T08:07:53.000Z,,http://ipt.vliz.be/eurobis/resource?r=dasid_6505
fe39cff7-c718-4a4d-92e2-cefc413cd323,North Pacific Subtropical Gyre Microbial Community,,25256,,,2022-09-20T12:42:00.000Z,,https://hosted-datasets.gbif.org/mgnify/MGYS00002552.zip
23678adb-b175-4352-856d-d43322374cb1,Natal Museum - Mollusc Collection,,25169,,,2020-12-02T14:08:39.000Z,,http://ipt.iobis.org/afrobis/resource?r=natal_museum_mollusc
8b438ecc-596d-4096-9d03-b619fcb6a359,Romanian Black Sea Phytoplankton data from 1991 to 2000,,25150,,,2025-09-17T09:28:03.000Z,,https://ipt.vliz.be/eurobis/resource?r=ro_black_sea_fpk_1991_2000
d9a55b00-17d0-471b-bd49-6f97c8a08f1f,Phytoplankton-BG Black Sea-2007-2016,,24922,,,2019-08-26T10:19:19.000Z,,http://gp.sea.gov.ua:8082/ipt/resource?r=phyto2016-37
ea1618ec-00de-41e8-a0f5-56b6f526780e,Benthos Oosterschelde 1959-2015,,24912,,,2025-09-17T08:41:37.000Z,,https://ipt.vliz.be/eurobis/resource?r=benthosos
475d8f59-76ab-4040-b7c5-68de8fd4979d,ADDOMEx Tier 3 Experiments: Mesocosm Si with Gulf of Mexico coastal waters,,24730,,,2022-09-20T12:42:00.000Z,,https://hosted-datasets.gbif.org/mgnify/MGYS00002649.zip
81d9d240-f44c-4250-ac4f-d2834225816e,Herbicide-incubated GBR lagoon microbiomes Targeted loci environmental,,24632,,,2022-09-20T12:42:00.000Z,,https://hosted-datasets.gbif.org/mgnify/MGYS00004244.zip
55fe88ac-f76a-40c5-b529-037b460a5771,PANGAEA - Data from Leibniz Institute of Marine Sciences,,24531,,,2025-09-17T08:36:14.000Z,,http://ipt.vliz.be/eurobis/resource?r=pangaea_2750
51ec432d-e155-491d-93bc-dca55f470f69,"DNA-derived biodiversity data from the False Creek Bioblitz, 2022",,24395,,,2026-03-18T18:16:50.000Z,,https://ipt.iobis.org/obiscanada/resource?r=false-creek-bioblitz-2022-edna-data
9b1a023a-219c-4280-9802-1c7896803570,SCAR Biogeographic Atlas of the Southern Ocean - Porifera - Data,,24354,,,2020-01-19T21:10:39.000Z,,https://ipt.biodiversity.aq/resource?r=baso_porifera
04017518-c9c6-4801-a1c9-8019618c9b0d,TPWD HARC Texas Coastal Fisheries Upper Laguna Madre Bag Seine,,24325,,,2021-11-14T18:18:29.000Z,,https://ipt-obis.gbif.us/resource?r=tpwd_harc_texasupperlagunamadre_bagseine_20150202
2be28ad4-42ca-4371-b8c6-37f684aca258,TPWD HARC Texas Coastal Fisheries Aransas Bay Gill Net,,24293,,,2022-01-03T20:29:50.000Z,,https://ipt-obis.gbif.us/resource?r=tpwd_harc_texasaransasbay_gillnet_20150130
132ab7ea-1b4b-46ea-8f5f-6b8da98db2be,Macrobenthos from the eastern English Channel in 1999 and 2001,,24270,,,2025-09-17T08:30:02.000Z,,http://ipt.vliz.be/eurobis/resource?r=nsbp_newel
564b07e1-4b8b-4a95-a648-bc84fd0662b3,Seabird 2000,,24193,,,2025-09-17T08:42:26.000Z,,http://ipt.vliz.be/eurobis/resource?r=nbn_ga000089
89178aae-ed62-413e-8cdd-c98324159c23,Koster historical biodiversity assessment,,24182,,,2025-09-05T09:58:57.000Z,,https://ipt.gbif.org.nz/resource?r=koster_historical_assessment
006dcedb-1aa9-40fa-b058-f0ba6a930009,Dutch long-term monitoring of microzooplankton in the Dutch Continental Economical Zone of the North Sea (2000-2010),,24151,,,2025-09-17T08:36:48.000Z,,https://ipt.vliz.be/eurobis/resource?r=dutch_microzooplankton_2000_2010
e69a5cc7-2c7d-4ef7-8662-a68a326bddad,Satellite-tracking of loggerhead sea turtles tracked from western Mediterranean,,24125,,,2025-09-17T08:35:32.000Z,,https://ipt.vliz.be/eurobis/resource?r=satellitetracking-turtles-mediterranean
0e4e4700-5e70-48b1-b100-d6b05888dfa9,"Australian Museum's Lizard Island Research Station, Queensland, Australia (1900 - 2018)",,24118,,,2022-06-08T05:04:00.000Z,,https://www.marine.csiro.au/ipt/resource?r=ala_dr836
46e96f76-a0fc-48b9-93f6-78e0983319fd,Benthos Grevelingen 1960-2004,,24064,,,2025-09-17T08:38:16.000Z,,https://ipt.vliz.be/eurobis/resource?r=grev
128d81b2-a70e-4f19-8ba1-58dcf004a5c2,Marine Sediment from the Berkeley Bay Targeted Locus (Loci),,24031,,,2022-09-20T12:42:00.000Z,,https://hosted-datasets.gbif.org/mgnify/MGYS00002584.zip
03d772f9-454f-42f6-91df-4d1faf2ead16,Happywhale - Humpback whale in North Atlantic Ocean,,23975,,,2026-07-15T18:26:53.000Z,,http://ipt.env.duke.edu/resource?r=zd_1764
a75ada17-6a55-4266-a1e8-158c5cebd55e,Harbour seals GPS telemetry in Baie des Veys,,23970,,,2025-10-08T12:52:10.000Z,,http://ipt.env.duke.edu/resource?r=zd_2032
d3b1a64b-b733-4c31-9d50-1278d47c3a0b,"Image-based abundance of Antarctic benthic morphotaxa from ROV surveys in the Western Antarctic Peninsula (TANGO1–TANGO2, 2023–2024)",,23970,,,2026-08-14T10:52:07.000Z,,https://ipt.biodiversity.aq/resource?r=rov-benthic-morphotaxa-wap-tango-2023-2024
d66309d5-42d0-4a84-bb40-8ec0f8587d10,Reciprocal transplantation experiment of salt marsh sediments Targeted loci,,23957,,,2022-09-20T12:42:00.000Z,,https://hosted-datasets.gbif.org/mgnify/MGYS00002519.zip
d61f4e2b-e425-4ee4-9547-8ea623630726,ADDOMEx,,23892,,,2022-09-20T12:42:00.000Z,,https://hosted-datasets.gbif.org/mgnify/MGYS00002648.zip
ed3f2d86-b5dd-4871-b68c-c1fba85761b2,Heterogeneity of methane seep microbiomes in the NE Pacific,,23856,,,2022-09-20T12:42:00.000Z,,https://hosted-datasets.gbif.org/mgnify/MGYS00002653.zip
73f31d9e-9c11-402b-9e3d-8ed61f2fcc8c,Museum and Art Gallery of the Northern Territory Annelid Collection,,23780,,,2023-06-28T03:54:53.000Z,,https://www.marine.csiro.au/ipt/resource?r=ala_co142
b52cf4cf-6222-4318-9e43-355026336e03,Reef Check Med - key Mediterranean marine species 2001-2020,,23763,,,2025-09-17T08:31:55.000Z,,http://ipt.vliz.be/eurobis/resource?r=rcmed_2001-2020
7166db26-05a1-4ca7-832b-19af8260f32e,Zooplankton of Lebanon,,23761,,,2025-09-17T10:11:21.000Z,,http://ipt.vliz.be/eurobis/resource?r=zoo_lebanon
11ca6599-6a0c-4de2-9790-b37853dbd7b3,Polish Monitoring Programme - Monitoring of the Baltic Sea: phytoplankton,,23682,,,2025-09-17T08:42:37.000Z,,http://ipt.vliz.be/eurobis/resource?r=polish_monitoring_phytoplankton_data
3423c536-23ac-4fbf-9633-97cc911778d3,Northumberland Strait multi-species trawl survey dataset,,23678,,,2022-03-29T20:45:36.000Z,,http://ipt.iobis.org/obiscanada/resource?r=northumberland_trawl
415fc669-4d0a-4b31-8658-bd16c8f08293,Florida Keys Reef Visual Census 1995,,23652,,,2025-06-03T17:29:31.000Z,,https://ipt-obis.gbif.us/resource?r=floridakeysreefvisualcensus1995
ea759464-5a9d-4b8c-83ce-858e57240d6e,VIMS Chesapeake Bay Multispecies Monitoring and Assessment Program,,23639,,,2016-10-03T21:07:59.000Z,,https://ipt-obis.gbif.us/resource?r=vims_chesmmap
c3f4ad36-dd99-4926-a499-d62ac678313a,Phytoplankton in the Coastal Waters of Zmiinyi Island in the Black Sea (2004-2015),,23595,,,2025-09-17T08:38:33.000Z,,http://ipt.vliz.be/eurobis/resource?r=zmiinyi_phytoplankton
760ec53d-ee7d-4bf9-a575-fb1bc3bf697b,"Condition of rocky reef communities around Tasmania: invertebrate surveys, Australia (1992-1995 and 2006-2007)",,23588,,,2023-06-28T03:58:43.000Z,,https://www.marine.csiro.au/ipt/resource?r=imas_rocky_reef_invertebrates
19119a0f-92f3-4662-85c5-30f8472067cf,Arctic Species Trend Index (ASTI) : Marine,,23562,,,2019-08-26T14:16:35.000Z,,http://geo.abds.is/ipt/resource?r=asti_marine
2f458cd8-c969-4a36-8f18-b970f80ee3f4,DFO Quebec Region Magdalen Islands Sea Scallop Survey 1992-2019,,23520,,,2023-11-21T16:12:24.000Z,,https://ipt.iobis.org/obiscanada/resource?r=dfo_que_idm_pm
926a4586-de33-424a-b2b2-cdc9e7c108c0,"MMS Ship survey, SCB 1975-1978",,23512,,,2026-04-28T16:00:01.000Z,,http://ipt.env.duke.edu/resource?r=zd_52
340cf56f-f494-48c1-9f13-dd1fb3bfbdf2,Fish collection of National Museum of Nature and Science,,23315,,,2026-04-24T07:27:43.000Z,,https://www.godac.jamstec.go.jp/ipt/resource?r=fb612
55013baf-995f-4529-a764-e0c456cf4d2a,Benthic flora in Estonian territorial waters 1997-2016,,23261,,,2025-09-17T09:13:19.000Z,,http://ipt.vliz.be/eurobis/resource?r=phytobenthos_estonia_97-16
78987543-213d-464c-9bb0-a1729a91a505,Baltic Seabirds Transect Surveys,,23202,,,2025-10-07T22:33:04.000Z,,http://ipt.env.duke.edu/resource?r=zd_358
679cb1fa-3d8d-4f22-bab0-8ca2971a96ce,The echinoderm collection (IE) of the Muséum national d'Histoire naturelle (MNHN - Paris),,22985,,,2025-09-17T09:13:01.000Z,,http://ipt.vliz.be/eurobis/resource?r=gbif_13705
7a4427f6-67ee-4cc1-b95f-3045523420a1,Sanctuary Soundscape Monitoring Project (SanctSound) Daily Aggregated Species Detections,,22928,,,2025-06-05T19:11:09.000Z,,https://ipt-obis.gbif.us/resource?r=noaa_sanctsound_daily_species
f070a9b6-b425-4dae-b7ca-d492b717dcc7,Gwaii Haanas Invertebrates,,22900,,,,,http://ipt.obis.org/nonode/resource?r=ghi
7b411a8c-1b9e-44c5-b8d3-cd614281c032,Animal Demography Unit - The Birds in Reserves Project (BIRP),,22619,,,2020-12-02T14:09:10.000Z,,http://ipt.iobis.org/afrobis/resource?r=adu_birp
252853f3-7f25-4ba6-ad89-29bdde3d484f,"Benthic otter trawl catch data, Porcupine Abyssal Plain, Northeast Atlantic Ocean, RRS Discovery III cruise 229, 1997.",,22589,,,2024-07-05T09:41:42.000Z,,https://ipt.iobis.org/obis-deepsea/resource?r=pap_megafauna_discovery229_1997
15917085-000f-4411-a4cf-ad932458e9f8,"Benthic otter trawl catch data, Porcupine Abyssal Plain, Northeast Atlantic Ocean, RRS Discovery III cruise 266, 2002.",,22584,,,2024-07-05T09:56:17.000Z,,https://ipt.iobis.org/obis-deepsea/resource?r=pap_megafauna_discovery266_2002
15585129-1ab4-4c60-a757-c94a437dafdc,VLIZ biodiversity observatory data: phytoplankton observations by imaging (FlowCam) in the Belgian part of the North Sea,,22576,,,2026-05-19T08:40:47.000Z,,https://ipt.vliz.be/eurobis/resource?r=vliz-flowcam
956d618f-91dc-4930-a253-cdf80ddb9371,LifeWatch observatory data: phytoplankton observations by FlowCam imaging in the Belgian Part of the North Sea,,22576,,,2025-09-17T08:38:16.000Z,,http://ipt.vliz.be/eurobis/resource?r=fyto
3b7223b4-295a-43b6-bea5-82776e7e598f,The Biodiversity of Ice-free Antarctica Database,,22575,,,2025-03-21T05:55:31.000Z,,https://ipt.biodiversity.aq/resource?r=aas_4296_biodiversity_icefree_antarctica_db
87c3a8bf-1b80-49ae-a994-91533c6c6907,Continuous Plankton Recorder Dataset (NOAA) - Phytoplankton,,22429,,,2025-09-17T10:11:43.000Z,,http://ipt.vliz.be/eurobis/resource?r=continuousplanktonrecorderdatasetnoaaphytoplankton
7f4de516-d47f-4d95-bb8b-db2d3e08e3fe,Protist Diversity in the East China Sea,,22392,,,2022-09-20T12:42:00.000Z,,https://hosted-datasets.gbif.org/mgnify/MGYS00002585.zip
89e3bd22-3872-43f9-866d-20be987b5519,Happywhale - Humpback whale in Southern Ocean,,22263,,,2026-07-15T18:35:30.000Z,,http://ipt.env.duke.edu/resource?r=zd_1767
127e64ba-a186-4d99-aaaa-6c9d21035be3,"Home range and core range of little penguins in Port Phillip Bay, Victoria, Australia (2008 - 2012)",,22220,,,2023-07-04T03:34:17.000Z,,https://www.marine.csiro.au/ipt/resource?r=port_phillip_little_penguins
b1a2d0ab-9b94-4a59-9371-432738a3cc36,Rocky shore macrobiota of southeastern Osaka Bay: Results of surveys,,22211,,,2026-04-24T07:27:33.000Z,,https://www.godac.jamstec.go.jp/ipt/resource?r=okkjp_rocky_macrobiota
50713b48-1ebc-4ae3-97b8-543777e1e815,Belgian recreational fisheries monitoring,,22151,,,2025-09-17T09:13:19.000Z,,https://ipt.vliz.be/eurobis/resource?r=belgian_recreational_marine_fisheries
e20e2162-3adf-41d8-944e-354c1580de53,Annual Dynamics of Bacterial & Archaeal Communities in Fram Strait (2016-2017),,21912,,,2025-07-31T16:25:00.000Z,,https://hosted-datasets.gbif.org/mgnify/MGYS00006712.zip
757de0ba-3fa4-4823-b22d-42627427e70c,Dutch coast monitoring - Natuurlijk Veilig: Spisula survey,,21822,,,2025-09-17T09:13:04.000Z,,https://ipt.vliz.be/eurobis/resource?r=dutch-coast-spisula-survey
829267b6-4bd2-408c-a7b8-a246b169f5cc,Phytoplankton Universidad Arturo Prat,,21786,,,,,http://ipt.obis.org/nonode/resource?r=phytoplankton_unap
f4d1e85c-a6b6-4497-b5ae-c019bc71a199,DFO Pacific Groundfish Synoptic Trawl Surveys - Strait of Georgia,,21743,,,2026-07-08T18:13:54.000Z,,http://ipt.iobis.org/obiscanada/resource?r=sog
f9154826-fdb9-448c-a182-1d45be5f3276,Benthic development in and around Princes Amalia Windpark: soft substrate benthic fauna,,21694,,,2026-08-03T07:17:52.000Z,,https://ipt.vliz.be/eurobis/resource?r=pawp_benthic_dredge
486e05c5-ad55-4273-956d-5acc1b3f3922,"TPWD HARC Texas Coastal Fisheries, Corpus Christi Bay Gill Net",,21672,,,2022-01-03T20:17:49.000Z,,https://ipt-obis.gbif.us/resource?r=tpwd_harc_texascorpuschristibay_gillnet_20150130
9c79fdf3-050b-4f77-ab82-d461ee291dd8,ReefSYN | Standardized datasets of Brazilian reef diversity in space and time - Dataset XII: Benthic communities’ monitoring in Abrolhos Bank,,21525,,,2026-01-20T20:03:11.000Z,,https://ipt.sibbr.gov.br/obis-brasil/resource?r=reefsyn_abrolhos_benthos
387148c5-6ab1-477d-b5f5-e95a0ef01a41,DFO Quebec Region Biodiversity of the Planning for Integrated Environmental Response Coastal Survey in the St. Lawrence Estuary and Gulf (2017-2021),,21490,,,2022-06-01T15:32:45.000Z,,http://ipt.iobis.org/obiscanada/resource?r=dfo_que_piei_bio
5108b38b-9670-4370-9af8-9c4abc41ccbf,Romanian Black Sea Phytoplankton data from 2006 to 2015,,21419,,,2026-02-09T09:57:22.000Z,,https://ipt.vliz.be/eurobis/resource?r=ro_black_sea_fpk_2006_2015
9b38b0d6-7f0a-4a73-b492-746619b6de2d,TPWD HARC Texas Coastal Fisheries Lower Laguna Madre Gill Net,,21346,,,2022-01-03T20:37:21.000Z,,https://ipt-obis.gbif.us/resource?r=tpwd_harc_texaslowerlagunamadre_gillnet_20150130
8f4a1a8f-d7d1-4566-95f3-babcf1bbd8d9,Florida Keys Reef Visual Census 2004,,21282,,,2025-06-03T17:30:33.000Z,,https://ipt-obis.gbif.us/resource?r=floridakeysreefvisualcensus2004
4dfa7a5b-b3a7-4f79-9ff1-362a9a0d001c,imr_zooplankton_barents_sea,,21239,,,2018-04-26T11:06:46.000Z,,https://gbif.imr.no/ipt/resource?r=imr_zooplankton_barents_sea
cc4dcb0e-6a3c-4b1d-b92d-9ed7583adfdb,SHARK - National marine environmental monitoring of Harbour porpoise in Sweden,,21222,,,2024-05-06T15:49:12.000Z,,https://www.gbif.se/ipt/resource?r=shark-harbour-porpoise-nat
c1a8ac02-fac8-42e6-ae09-aecd95a6bd64,Comparative 16S analysis of hydrothermal vent samples from the Mid-Atlantic Ridge (MAR),,21084,,,2022-09-20T12:42:00.000Z,,https://hosted-datasets.gbif.org/mgnify/MGYS00002781.zip
f9791d68-9788-4d6c-ad47-8ec6cf88900b,Subseafloor microbiome  project,,21071,,,2022-09-22T08:44:00.000Z,,https://hosted-datasets.gbif.org/mgnify/MGYS00005743.zip
708b76e0-8e52-4387-834c-4f0d863cce0e,Alaska Ocean Observing System,,21070,,,2025-09-17T09:52:10.000Z,,https://ipt.vliz.be/eurobis/resource?r=arcod
04b59c3c-3236-4716-a5b7-244588a0207f,Microbial diversity in the Tongyeong-Geoje coastal area of Korea,,21031,,,2022-09-20T12:42:00.000Z,,https://hosted-datasets.gbif.org/mgnify/MGYS00002646.zip
2db91196-579a-4f1f-8f1f-4c24a4b6b2c2,"Weddell Seal Sightings, Vestfold Hills, Antarctica",,20992,,,2015-01-20T02:38:25.000Z,,https://data.aad.gov.au/ipt/resource?r=weddell_sightings
ffef9afd-c910-4b35-94f0-c0c7a725362e,"Benthic otter trawl catch data, Porcupine Abyssal Plain, Northeast Atlantic Ocean, RRS Challenger Cruise 142, 1999.",,20976,,,2024-07-05T09:50:02.000Z,,https://ipt.iobis.org/obis-deepsea/resource?r=pap_megafauna_challenger142_1999
88f140b4-efbb-43f6-bbd9-631174bc5f8e,"Green turtles (Chelonia mydas) tracking - Muiron and Ningaloo Marine Park, Western Australia, (2018-2019)",,20960,,,2022-10-13T23:14:28.000Z,,https://www.marine.csiro.au/ipt/resource?r=zoatrack_733_green_turtles
4eaf3ab8-463a-4c8d-838a-9b9c6ca4bfd3,SeamountsOnline,,20916,,,2023-07-07T19:52:54.000Z,,https://ipt-obis.gbif.us/resource?r=seamounts-online
4b615c83-2350-47e7-ad7f-7c4759d3baf9,Long term trends in the macrobenthos of the Belgian Continental Shelf,,20915,,,2025-09-17T08:31:40.000Z,,http://ipt.vliz.be/eurobis/resource?r=macrobel
2feee239-2fc0-48e9-99f3-f89ed5ef3b38,Sea spray aerosols at Three California Beaches,,20913,,,2022-09-20T12:42:00.000Z,,https://hosted-datasets.gbif.org/mgnify/MGYS00002564.zip
10fe54bb-b93b-4f00-bf4c-bd51542614ef,Taxonomic Information System for the Belgian coastal area,,20886,,,2025-09-17T09:04:22.000Z,,http://ipt.vliz.be/eurobis/resource?r=tisbe
3a0479b0-1dcc-4026-a02e-2672a0181fe7,"Stereo-BRUVs and BOSS observations in the Ningaloo Marine Park, Western Australia (2021-2022)",,20783,,,2024-06-18T10:22:24.000Z,,https://www.marine.csiro.au/ipt/resource?r=globalarchive_288_ningaloo
cb2f31bf-83da-438e-bc48-776ee2573f77,mabik_iv,,20747,,,2025-12-11T07:14:41.000Z,,https://www.mbris.kr/ipt/resource?r=mabik_iv
1fe0bc91-a326-4fc6-a7c3-4b0cdd2fd9b2,"St. Croix, USVI Benthic Composition and Monitoring Data (2002 - Present)",,20735,,,,,http://ipt.obis.org/nonode/resource?r=noaa_stcinv
98861cd3-daf5-4da9-9eca-d442d652750d,"BRUVS observations at Ningaloo Marine Park, Western Australia (2019)",,20606,,,2023-06-20T23:10:13.000Z,,https://www.marine.csiro.au/ipt/resource?r=globalarchive_ningaloo_d3_bruvs
81db945e-d319-4237-b49e-cd3e78937393,sarce_rockyshores,,20564,,,2019-12-16T21:51:04.000Z,,http://ipt.iobis.org/caribbeanobis/resource?r=sarce_rockyshores
bc07ccb9-337e-44cb-8412-3c3ccb27db47,RBINS Crustacea collection,,20547,,,2025-03-13T14:38:27.000Z,,https://ipt.naturalsciences.be/resource?r=be_rbins_invertebrates_crustacea
2e653f52-25c7-4f72-9674-fa75ec5dca51,Reef shark prey abundances from 46 sites in the Solomon Islands (2015),,20542,,,2023-10-31T03:20:02.000Z,,https://www.marine.csiro.au/ipt/resource?r=bruvs_solomon_islands
046f49f7-1607-42c7-930b-cf2d450333b7,GPS locations of Northern Gannets season 2015 / Localisations GPS de fous de Bassan saison 2015,,20511,,,2023-06-08T14:44:13.000Z,,https://ipt.iobis.org/obiscanada/resource?r=gps_trackingnortherngannets2015
ab1871d9-40a8-4750-ab25-21ccc9eaa730,Whale-Watching cetacean occurrences by Futurismo Azores Adventures from 2008 to 2018 off São Miguel (Azores),,20413,,,2025-04-16T12:02:16.000Z,,https://ipt.gbif.pt/ipt/resource?r=futurismo_sm_0818
5e5197d2-8a17-49c3-9197-758091a2cc48,Tasmanian Marine Molluscs Observational Records (2003-2017),,20384,,,2022-06-07T06:01:50.000Z,,https://www.marine.csiro.au/ipt/resource?r=tasmanian_molluscs
685de728-3eb8-4b31-8bfd-40035bb8aa4d,Jervis Bay Marine Ecological Studies (JBMES) 1988-1991,,20340,,,2022-06-08T04:39:39.000Z,,https://www.marine.csiro.au/ipt/resource?r=csiro_jbmes
97bdf279-6f78-4ed7-ad9d-27a5886f8ff2,Senckenberg's collection management system,,20334,,,2025-10-06T08:05:20.000Z,,http://ipt.vliz.be/eurobis/resource?r=sesam
39a3612a-a2b6-454a-b937-820b6d6af7c9,SERC Alewife Study,,20328,,,2026-06-03T15:27:28.000Z,,https://members.oceantrack.org/ipt/resource?r=otnsercsercalewifestudy
0ada9b0c-14f5-4247-881e-9f6f62b2c165,ARMS-MBON data on long-term monitoring of hard-bottom communities: 18S results from 2018-2020,,20210,,,2024-07-10T06:57:56.000Z,,https://ipt.vliz.be/upload/resource?r=arms_18s_2018-20
1d359c47-ba01-40a4-9f8d-1d3b5c5baac6,16S rDNA amplicon of Bacteria and Archaea Metagenome,,20206,,,2022-09-20T12:42:00.000Z,,https://hosted-datasets.gbif.org/mgnify/MGYS00004015.zip
7a58ffd1-09d6-48a6-ba0b-07b8c4d474ca,Macrobenthos monitoring in function of aggregate extraction activities in the Belgian part of the North Sea,,20199,,,2025-09-17T10:11:57.000Z,,http://ipt.vliz.be/eurobis/resource?r=macro_aggregate
215e52c6-3ec2-41a4-97fe-5d44c900f869,ICES Central Northeast Atlantic Deepwater Trawl Surveys,,20143,,,2025-09-17T10:19:59.000Z,,https://ipt.vliz.be/eurobis/resource?r=ices_datras_dws
7687b242-05b7-48d7-a316-ba6dc34e72b5,IFREMER/Kélonia satellite tracked late juvenile loggerhead sea turtles from Réunion Island 2008-2012,,20139,,,2025-10-08T01:08:20.000Z,,http://ipt.env.duke.edu/resource?r=zd_1014
1bb2a441-5ab8-4a2a-8bcf-a4b532224117,HELCOM/OSPAR port sampling,,20047,,,2026-04-29T12:29:13.000Z,,https://ipt.vliz.be/eurobis/resource?r=helcom_port_sampling
5fcab8cc-89cf-42fc-8a1c-08b693c3acad,Marine Recorder Snapshot extract of surveys entered by Kent Wildlife Trust,,19930,,,2022-01-13T09:23:49.000Z,,https://www.dassh.ac.uk/ipt/resource?r=jncc_mr_snapshot_whole_uk_8
4471a9f6-911c-41ca-bf9d-b3e53c19b747,PANGAEA - Data from profiles across Mediterranean sedimentary systems (PROMESS),,19924,,,2025-09-17T08:36:48.000Z,,http://ipt.vliz.be/eurobis/resource?r=pangaea_2746
ff8b7809-41bc-40ad-8160-0e33862817a0,"Biodiversity Research Museum, Academia Sinica, Taiwan",,19918,,,,,http://ipt.obis.org/nonode/resource?r=fb9093
1c19832c-a74c-4d50-8fe3-084017797428,Amplicon sequencing of Tara Oceans DNA samples corresponding to size fractions for prokaryotes.,,19873,,,2025-07-31T12:54:00.000Z,,https://hosted-datasets.gbif.org/mgnify/MGYS00006605.zip
98400b39-b5f9-4b7a-833c-9e62dfcd1c1e,Eulachon migration bottom trawl surveys,,19780,,,2022-03-23T15:58:36.000Z,,http://ipt.iobis.org/obiscanada/resource?r=eulachon_synoptic_surveys
96041282-9386-4a8a-a564-fd753f1222b0,Tracking of the broadbill swordfish Xiphias gladius in the South Pacific Ocean (2004-2013),,19763,,,2024-08-13T11:44:23.000Z,,https://www.marine.csiro.au/ipt/resource?r=swordfish_tracking
9abf2e7a-badb-4968-ad8b-156404ca2568,INVESTIGATING THE MICROBIAL EUKARYOTIC COMMUNITIES IN THE SURFACE WATERS OF THE ARAFURA SEA AND CORAL SEA,,19746,,,2022-09-20T12:42:00.000Z,,https://hosted-datasets.gbif.org/mgnify/MGYS00002777.zip
5de439e1-5fc1-4570-8c36-ac3e3b2c20fd,Galiano Island BC Canada Marine Zoology 1893–2021,,19567,,,2022-02-01T16:35:56.000Z,,https://ipt.pensoft.net/resource?r=galiano-data-paper-part-i
ab737464-f691-4b72-aae2-1bb70411468d,IMOS National Reference Stations (NRS) Phytoplankton Abundance and Biovolume,,19555,,,2022-06-08T05:02:45.000Z,,https://www.marine.csiro.au/ipt/resource?r=anmn_nrs_bgc_plankton_phytoplankton_data
837dff49-b281-4d12-a2b0-042095ff2945,US-CAN-Transboundary_BOEMproject_Beaufort Sea_Epibenthos_2012_2013_2014,,19470,,,2022-11-20T22:20:54.000Z,,https://ipt.iobis.org/obis-deepsea/resource?r=us-can-transboundary_boemproject
111f8b20-4ea3-486e-a901-c02de80e53c9,Spatio-temporal dynamics of the floating canopy of Macrocystis pyrifera in the Humboldt Current System,,19469,,,2026-03-12T15:46:02.000Z,,https://ipt.vliz.be/eurobis/resource?r=macrocystis_humboldt_current
47c0ed62-9a73-4bdc-a154-e53b788a9534,TPWD HARC Texas Coastal Fisheries Lower Laguna Madre Trawl,,19443,,,2017-11-21T22:06:13.000Z,,https://ipt-obis.gbif.us/resource?r=tpwd_harc_texaslowerlagunamadre_trawl_20150130
46130f2a-9f8d-4ff2-8e1a-3a3ceda8d242,ARMS-MBON data on long-term monitoring of hard-bottom communities: 18S results from 2020-2021,,19438,,,2025-12-04T13:05:10.000Z,,https://ipt.vliz.be/eurobis/resource?r=arms_18s_2020-22
c4fbb7fd-81d4-4b4e-8bce-be554aa3b450,LMO 16S 2012-13 (3 um),,19314,,,2025-07-31T15:59:00.000Z,,https://hosted-datasets.gbif.org/mgnify/MGYS00006702.zip
4de859e7-9efa-4d77-b6f1-e0d343ee209d,"Zooplankton data at the LTER  ""MareChiara"" site (Gulf of Naples, Mediterranean Sea) 1995-2015",,19115,,,2026-05-20T09:51:54.000Z,,https://ipt.vliz.be/eurobis/resource?r=lter_mc_zooplankton
a1c07847-d232-4649-813f-414f5a2a1c42,SINBIOTA Marine Data,,19090,,,2025-12-09T16:43:04.000Z,,https://ipt.sibbr.gov.br/obis-brasil/resource?r=sinbiota_marinedata
eaefd573-03dd-4726-9556-2ebb21471b02,"LMO 2015, 2016, 2019 (0.2, 3-0.2, 3)",,19060,,,2025-07-31T16:02:00.000Z,,https://hosted-datasets.gbif.org/mgnify/MGYS00006704.zip
a8e4030d-c40d-4a47-849b-e72b41207a82,Coastal Sediment Bacterial Community Alterations in Association with Sudden Vegetation Dieback,,19007,,,2022-09-20T12:42:00.000Z,,https://hosted-datasets.gbif.org/mgnify/MGYS00004444.zip
ad87f916-e405-4ddf-ab1e-34bc439f402f,Saltern of Margherita di Savoia Metagenome,,19005,,,2022-09-20T12:42:00.000Z,,https://hosted-datasets.gbif.org/mgnify/MGYS00004503.zip
d1d5be86-54a0-4c5c-ad95-3fe807d7463e,Seasonal and spatial diversity of bacterial communities in marine sediments of Ningbo Xiangshan Coastal Ocean,,18933,,,2022-09-20T12:42:00.000Z,,https://hosted-datasets.gbif.org/mgnify/MGYS00002734.zip
5ec42fe0-a902-46e4-b9cb-054c86dc7c8b,Monitoring of macrozoobenthos in the Voordelta,,18845,,,2025-09-17T09:55:26.000Z,,http://ipt.vliz.be/eurobis/resource?r=imares_voordelta
c72dbebb-d19a-427a-99d5-350b0ca5937e,California Current Cruise CCE-P1408 Process Cruise #6,,18715,,,2022-09-20T12:42:00.000Z,,https://hosted-datasets.gbif.org/mgnify/MGYS00002572.zip
3aa23743-5491-481b-9a70-42a537b61ed2,Benthic invertebrates abundance data from French REBENT network,,18713,,,2025-09-17T09:50:23.000Z,,http://ipt.vliz.be/eurobis/resource?r=zoobenthos_reseau_suivi_lagunaire_from_2003_to_2018
cc7481dc-a015-46e7-98b6-2ad7374886e6,"CSIRO, Abundance and distribution of orange roughy in southeast Australian waters 1987-1979",,18707,,,2023-06-28T03:35:21.000Z,,https://www.marine.csiro.au/ipt/resource?r=csiro_orange_roughy_1987_1990
9a49d497-c59a-441e-beed-cfaadc4813b9,Baltic Sea 16S gene amplicons from Linnaeus Microbial Observatory sampled regularly since 2011,,18704,,,2025-07-31T15:40:00.000Z,,https://hosted-datasets.gbif.org/mgnify/MGYS00006691.zip
f578b1e6-8703-444f-ae0c-c1aad6381b36,Water and Sediment samples Targeted loci environmental,,18692,,,2022-09-20T12:42:00.000Z,,https://hosted-datasets.gbif.org/mgnify/MGYS00002783.zip
152259dc-9c20-4c1a-9644-8e4b509d4f73,MAREANO - Base-line mapping of hyperbenthic crustacea fauna obtained with RP-sledge,,18643,,,2024-09-09T17:26:27.000Z,,http://ipt.vliz.be/eurobis/resource?r=imr_mareano_rpsledge
c53a1d63-0ca7-4481-8607-0b2d01f9f99a,"CSIRO, fish surveys by the Courageous, 1978-1979",,18629,,,2023-06-28T03:38:03.000Z,,https://www.marine.csiro.au/ipt/resource?r=csiro_fish_survey_1978_1979
dc24594c-5542-46e9-a7b9-add2f3b00f4e,"Mortality, Movements, and Migration Timing of Age-0 Cowichan Chinook Salmon Tagged in the Southern Gulf Islands in Fall 2017",,18628,,,2024-08-30T12:53:23.000Z,,https://members.oceantrack.org/ipt/resource?r=otnkrsmortality_movements
20d5ed0f-47a5-4ae5-8fec-785269e51a4c,"Wildlife observations of seabirds and marine mammals collected during sonar vessel surveys in the Gulf of Maine, 2015-2025, by the Maine Coastal Mapping Initiative",,18625,,,2026-05-04T21:33:09.000Z,,https://ipt.env.duke.edu/resource?r=zd_2406
fb9017a4-0f99-4a8b-bff3-3f1389e08da2,US East Coast Salt Marshes Targeted Locus (Loci),,18556,,,2022-09-20T12:42:00.000Z,,https://hosted-datasets.gbif.org/mgnify/MGYS00002571.zip
8e6bb676-f180-4bbb-97ba-5911d7661b07,St. Mary's River Salmon Tracking,,18536,,,2025-08-27T11:29:00.000Z,,https://members.oceantrack.org/ipt/resource?r=otndfosmrsalmon
16d92f0c-536c-45e8-9068-c2c0458ee87b,cariaco-phytoplankton,,18534,,,2021-09-28T08:24:32.000Z,,http://ipt.iobis.org/caribbeanobis/resource?r=cariaco-phytoplankton
a177b05a-5cae-4053-8996-087ebce9f5ef,Marine Bacteria 16S V4 Raw sequence reads,,18528,,,2022-09-20T12:42:00.000Z,,https://hosted-datasets.gbif.org/mgnify/MGYS00004502.zip
f7677584-eb01-44ca-96f9-a334381034fa,Alabama Museum of Natural History Invertebrate Zoology (Arctos),,18467,,,2026-08-14T00:02:54.000Z,,https://ipt.vertnet.org/resource?r=almnh_inv
bb638343-bbc9-464d-88d8-18d9ba29ecdd,MARINe/PISCO: Intertidal: MARINe Coastal Biodiversity Surveys: Point Contact Surveys Summarized,,18399,,,2025-09-08T16:00:04.000Z,,https://ipt-obis.gbif.us/resource?r=marine_cbs_point_contact_surveys
0648a759-1621-4a53-bc98-ec28e9c964e1,PANGAEA - Data from Climate variability and El Niño Southern Oscillation (CENSOR),,18295,,,2025-09-17T08:37:27.000Z,,http://ipt.vliz.be/eurobis/resource?r=pangaea_2730
2e0f8766-9a75-4422-9ba4-7f65acfbeb51,Kelp Dataset,,18261,,,2026-04-24T07:24:20.000Z,,https://www.godac.jamstec.go.jp/ipt/resource?r=s9-5_kelp
890296ce-bf63-4656-b8de-dc80d5680c53,TPWD HARC Texas Coastal Fisheries Upper Laguna Madre Gill Net,,18224,,,2022-01-03T22:00:06.000Z,,https://ipt-obis.gbif.us/resource?r=tpwd_harc_texasupperlagunamadre_gillnet_20150202
6e081641-0bf2-4f4e-9d47-8a6aed8b4dfe,Happywhale - Humpback whale in South Atlantic Ocean,,18200,,,2026-07-15T18:34:38.000Z,,http://ipt.env.duke.edu/resource?r=zd_1766
ce0d2c02-5170-4d3a-98cf-852c981af67f,Phytoplankton variability on the Portuguese coast,,18182,,,2024-11-06T02:01:24.000Z,,http://ipt.gbif.pt/ipt/resource?r=cecir
1d90f483-539b-4ded-a0db-fb276b504434,Marine metagenome Targeted loci environmental,,18175,,,2022-09-20T12:42:00.000Z,,https://hosted-datasets.gbif.org/mgnify/MGYS00002520.zip
1efbac28-9e8b-4d05-94ec-8f59b434fb2d,imr_zooplankton_north_sea,,18175,,,2020-10-26T11:52:52.000Z,,https://gbif.imr.no/ipt/resource?r=imr_zooplankton_north_sea
d20949d6-d8e2-4b19-a449-e9ed11154685,Seabird observations in Marine Offshore Species Assessments to Inform Clean energy (MOSAIC) project,,17957,,,2026-05-11T19:51:01.000Z,,https://ipt.env.duke.edu/resource?r=zd_2403
59c74fd1-3900-4f13-988b-8f7bc1579dc8,Meta_Kosmos,,17950,,,2022-09-20T12:42:00.000Z,,https://hosted-datasets.gbif.org/mgnify/MGYS00002656.zip
a145f369-b272-46f7-86bc-08412b1ee927,Arctic benthic invertebrate collection of the Zoological Institute of the Russian Academy of Science,,17942,,,2019-10-01T15:55:19.000Z,,http://geo.abds.is/ipt/resource?r=rb_zoo
6897b33d-8865-4a9b-ae13-2d73cd33d1e5,PANGAEA - Data from University Bremen,,17910,,,2025-09-17T08:42:03.000Z,,http://ipt.vliz.be/eurobis/resource?r=pangaea_2723
3ff82f02-aefe-45bb-a37e-3035394b3e56,"Mid-winter waterfowl count, Estonian national monitoring 1991-2016",,17859,,,2025-09-17T08:31:45.000Z,,http://ipt.vliz.be/eurobis/resource?r=est_midwinter_waterfowl_1991-2016
539de636-d02c-4f17-9d85-37473e00f5c7,Investigation of Dredged Sediment Deposition Events on Dungeness Crab at the Mouth of the Columbia River,,17851,,,2023-09-22T19:58:38.000Z,,https://members.oceantrack.org/ipt/resource?r=otnnoaainvestigationofdre
566386e9-9494-40a1-a3a0-63233c208fee,"Condition of rocky reef communities around Tasmania: fish surveys, Australia (1992-1995 and 2006-2007)",,17827,,,2023-06-28T03:45:28.000Z,,https://www.marine.csiro.au/ipt/resource?r=imas_rocky_reef_fish
634b85c1-3f7e-4648-add0-dae012fa7193,eDNA from water column to characterise fish and invertebrate communities from 30 sites in the Belgian Part of the North Sea -12S,,17815,,,2024-06-21T06:43:06.000Z,,https://ipt.inbo.be/resource?r=ilvo-metabarcoding-12s-bpns
3fe88399-a1f6-4466-a229-185bc1f8567e,Mediterranean Contaminated Pelagic communities,,17802,,,2022-09-20T12:42:00.000Z,,https://hosted-datasets.gbif.org/mgnify/MGYS00002645.zip
a95c77bc-64db-43d5-b3bd-0bb964abaf69,Basking Shark Project - global citizen science observations of Cetorhinus maximus,,17797,,,2026-04-30T08:50:17.000Z,,https://www.dassh.ac.uk/ipt/resource?r=st_baskingsharkproject
438b8f02-3421-4b2c-a5b2-5934ab76f47b,MARINe/PISCO: Intertidal: MARINe Long-Term Monitoring Surveys: Sea Stars and Katharina,,17743,,,2025-07-16T01:02:33.000Z,,https://ipt-obis.gbif.us/resource?r=marine_ltm_seastar_katharina_count
0f0b108e-dfff-40e7-a667-343632aafdba,Citizen Science based jellyfish observations along the Israeli Mediterranean coast in 2011-2025,,17681,,,2025-10-20T08:53:31.000Z,,http://ipt.medobis.eu/resource?r=dori
f0bbfd00-2631-4006-b6bc-5c88f166852c,PANGAEA - Data from quaternary environment of the Eurasian North (QUEEN),,17660,,,2025-09-17T08:36:27.000Z,,http://ipt.vliz.be/eurobis/resource?r=pangaea_2747
e596c238-1aa1-4d56-a26c-aac622c0c246,DFO Arctic Metabarcoding (COI) 2015-2019,,17643,,,2026-01-19T18:56:30.000Z,,https://ipt.iobis.org/obiscanada/resource?r=dfo_arc_coi
2ee6b0f3-244a-4018-a154-cf46fa5c06a0,Previous Fisheries REVIZEE Program,,17508,,,2026-01-08T17:39:42.000Z,,https://ipt.sibbr.gov.br/obis-brasil/resource?r=fisheries_revizee
63bc35fe-a9ab-4cef-935a-56591fa0d91d,Long-term Monitoring of the Phytoplankton at the SOMLIT-Astan Station in the Western English Channel from 2000 to Present,,17498,,,2025-09-17T08:34:34.000Z,,http://ipt.vliz.be/eurobis/resource?r=phytoplankton_somlit-astan
e48a88fd-5088-494a-bd2d-02f5a047441d,SHARK - National marine bacterioplankton monitoring in Sweden since 1989,,17387,,,2024-07-02T15:59:15.000Z,,http://ipt.vliz.be/eurobis/resource?r=shark-bacterioplankton-nat
e4beeb49-ab66-406f-8862-258789cd00cc,Selmar Schonland Herbarium Marine Algae Collection,,17327,,,2017-01-26T13:44:35.000Z,,http://ipt.iobis.org/afrobis/resource?r=pocock_seaweeds
442b676b-65b2-4c90-a8b9-2fad5f27b08d,Planktonic Production Cycles and their Relationship with Fishing Resources on the Portuguese Coast,,17266,,,2024-05-07T22:16:52.000Z,,http://ipt.gbif.pt/ipt/resource?r=ciclos85
7e76e65e-a60b-453e-bc2d-ac699241e9e6,"Bull Kelp Forest Ecosystem Monitoring Database, Northern California, 1971-2023",,17165,,,2026-05-20T16:31:20.000Z,,https://ipt-obis.gbif.us/resource?r=bullkelp_ecosystem_monitoring_norcal
1a5aca77-611e-4496-9702-0a938aa27d9c,Zooplankton data for Danish marine monitoring (ODAM) from 1991 - 2011,,17121,,,2025-09-17T09:50:24.000Z,,http://ipt.vliz.be/eurobis/resource?r=odam_zooplankton_1985
d19d6c41-ab39-467e-871c-472ae67bbd57,Zooplankton biomass and abundance in Estonian territorial waters 1993-2016,,17029,,,2025-09-17T09:48:26.000Z,,http://ipt.vliz.be/eurobis/resource?r=zooplankton_data_estonian_territorial_waters_1993-2016
d979d58a-746a-4e40-a9ca-94c025b5bfe8,Modern foraminifera in the New Zealand EEZ,,16989,,,2018-08-08T20:55:43.000Z,,https://nzobisipt.niwa.co.nz/resource?r=mbis_foraminifera
d5477024-a6ce-4b8a-b303-e3b0afc0a5aa,Exploring Fronts With Multiple Robots  Schmidt Ocean Institute Cruise to the Pacific Ocean in 2018,,16985,,,2022-09-20T12:42:00.000Z,,https://hosted-datasets.gbif.org/mgnify/MGYS00005045.zip
db5ad6c9-3f39-44d7-a4d0-6e059b064d58,"CS-PHOC: weekly census counts of Southern Ocean phocids at Cape Shirreff, Livingston Island",,16940,,,2026-08-07T07:28:52.000Z,,https://ipt-obis.gbif.us/resource?r=usamlr_cs-phoc
dfb911f2-138a-42b4-95d0-37ed041b9490,"La Parguera, Puerto Rico Benthic Composition and Monitoring Data (2002 - Present)",,16915,,,,,http://ipt.obis.org/nonode/resource?r=noaa_prinv
82c51e92-e66f-44ca-a02a-b6071c7e188f,North Sea Benthos Survey,,16846,,,2025-09-17T09:11:58.000Z,,http://ipt.vliz.be/eurobis/resource?r=nsbs
dad8c21e-3d6d-4ada-adf0-633928f51970,Microbial Processes and Biodiversity: OCEAN,,16801,,,2022-09-20T12:42:00.000Z,,https://hosted-datasets.gbif.org/mgnify/MGYS00002773.zip
a326b7a3-1e74-4ae9-95d4-6b38d889cbe9,Imaging flow cytometry from SMHI in Tangesund 2016,,16777,,,2025-09-17T10:13:27.000Z,,http://ipt.vliz.be/eurobis/resource?r=phytoplankton-jerico-ifcb
af015774-471e-4e5f-a061-50e0a74c4bb7,Tracks of breeding and non-breeding Chatham Island taiko (Pterodroma magentae) from Chatham Islands New Zealand (2008 - 2012),,16735,,,2022-06-08T05:52:25.000Z,,https://www.marine.csiro.au/ipt/resource?r=zoatrack_102_chatham_taiko
90b41b79-a5a2-4d6f-80d5-fbf2fa3a682b,BIOMASS 1980-1985,,16699,,,2026-04-28T16:06:55.000Z,,http://ipt.env.duke.edu/resource?r=zd_75
735d8b98-5b8b-43eb-96f4-8bcbdfd97201,Maritimes Conservation Network: St. Anns Bank Marine Protected Area (MPA) Acoustic Tracking Study,,16614,,,2026-06-15T16:46:16.000Z,,https://members.oceantrack.org/ipt/resource?r=otndfo-biomaritimesconser
6e5addc1-3082-4a15-bf04-7fbdc21bfde1,18S rRNA amplicon sequencing from the Ocean Sampling Day (OSD) campaign June 2018,,16597,,,2025-07-31T13:20:00.000Z,,https://hosted-datasets.gbif.org/mgnify/MGYS00006611.zip
9a81d405-545b-4a1b-bdaa-aff5350a0c39,National Inventory of the Natural Heritage: Data from the air monitoring campaigns of marine megafauna (SAMM) in the French metropolitan area,,16567,,,2025-09-17T10:21:41.000Z,,http://ipt.vliz.be/eurobis/resource?r=gbif_14998
9341253b-f2ff-4906-aa28-3a2504d4f6ec,2023 DAERA Sediment infauna data,,16521,,,2026-01-14T11:22:35.000Z,,https://www.dassh.ac.uk/ipt/resource?r=dasshdt00000616
524c7635-fce1-4464-bd1c-8c78371fd576,Florida Manatee Synoptic Aerial Survey 1991-2019,,16513,,,2025-10-07T23:43:48.000Z,,http://ipt.env.duke.edu/resource?r=zd_765
586c658f-a5e7-4958-b353-237e1aeddcb8,Romanian Black Sea Phytoplankton data from 2001 to 2005,,16494,,,2025-09-17T08:30:32.000Z,,https://ipt.vliz.be/eurobis/resource?r=ro_black_sea_fpk_2001_2005
eee81b0b-6b72-4963-9f43-ff1631bbfea3,"Australian Institute of Marine Science (AIMS) - Great Barrier Ref (GBR) Nearshore Coral Diversity, Queensland, Australia (1994 - 1997)",,16489,,,2022-06-08T05:27:52.000Z,,https://www.marine.csiro.au/ipt/resource?r=aims_cre
6f44d12a-ce3a-4589-9b3a-69234ee207d1,MARMAP Yankee Trawl 1990-2009,,16488,,,,,http://ipt.obis.org/nonode/resource?r=marmap_yankeetrawl
b5ee4e05-0680-487a-a4ac-06006359cd50,"Mollusc data of Molltax, Norway",,16388,,,2025-06-11T11:49:32.000Z,,http://ipt.vliz.be/eurobis/resource?r=gbif_8170
d32a53c8-b927-451d-9053-304611f8ec07,Temporal dynamics of the particle-attached and free-living microbial communities from coastal seawater,,16385,,,2022-09-20T12:42:00.000Z,,https://hosted-datasets.gbif.org/mgnify/MGYS00002544.zip
e4234681-4822-4490-9113-bdac90911dca,SHARK - National zoobenthos monitoring in Sweden since 1971,,16320,,,2025-06-11T12:48:37.000Z,,http://ipt.vliz.be/eurobis/resource?r=smhi-zoobenthos-nat
ee88881a-a398-4f05-bb10-b7b801cd4389,Queensland Marine Sediment,,16233,,,2022-09-20T12:42:00.000Z,,https://hosted-datasets.gbif.org/mgnify/MGYS00002891.zip
661aee3f-5979-463f-a475-53eb946063b3,Monitoring of fish in the Voordelta,,16225,,,2025-09-17T08:32:17.000Z,,http://ipt.vliz.be/eurobis/resource?r=deltares_fish
45dac27a-032b-4482-8b4d-0e2e8a78cbcc,"Picoplankton 18S rRNA gene sequences (V4 region, DNA and RNA) from Vertical Profiles (surface to 4000m depth) sampled during the Malaspina 2010 circumglobal expedition",,16032,,,2022-09-22T08:44:00.000Z,,https://hosted-datasets.gbif.org/mgnify/MGYS00005718.zip
17cc4925-e042-4595-9aa9-ee3e35171959,Picoplankton 16S rRNA genes from the tropical and sub-tropical global-ocean sampled during the Malaspina-2010 expedition,,15995,,,2022-09-22T08:44:00.000Z,,https://hosted-datasets.gbif.org/mgnify/MGYS00005720.zip
669986b7-4245-4c53-b078-445c4451f426,"Amplicon sequencing of Tara Oceans RNA samples corresponding to
size fractions for protists.",,15885,,,2022-09-20T12:42:00.000Z,,https://hosted-datasets.gbif.org/mgnify/MGYS00001789.zip
4f44256b-319b-4ed3-9561-f200a076007b,"Benthic otter trawl catch data, Porcupine Abyssal Plain, Northeast Atlantic Ocean, RRS Discovery III cruise 231, 1998.",,15877,,,2024-07-05T09:44:24.000Z,,https://ipt.iobis.org/obis-deepsea/resource?r=pap_megafauna_discovery231_1998
ba067ba9-a3f2-40ca-a5fb-963bc9441211,"British Columbia Geoduck (Panopea generosa) Age, Size Structure and Growth Parameters, 1993 - 2002",,15858,,,2022-03-22T20:45:55.000Z,,http://ipt.iobis.org/obiscanada/resource?r=geoduck
38c8ff67-7e42-46a7-9fbe-2d4ec402f1d6,The cnidarians collection (IK) of the Muséum national d'Histoire naturelle (MNHN - Paris) in the southwest Pacific region,,15852,,,2018-08-08T20:55:50.000Z,,https://nzobisipt.niwa.co.nz/resource?r=mnhm_cnidaria
6abd3339-35dd-47ec-b3c0-3916e818e48a,"LMO 2016, 2017 (0.2, 3-0.2, 3)",,15851,,,2025-07-31T15:43:00.000Z,,https://hosted-datasets.gbif.org/mgnify/MGYS00006693.zip
cdc3abcf-b4d8-4b14-b4d4-70705884034c,Phytoplankton and environmental study in the Southern North Sea between 1971 and 1973,,15836,,,2025-09-17T08:42:01.000Z,,http://ipt.vliz.be/eurobis/resource?r=phytoplankton_and_environmental_study_in_the_southern_north_sea_between_1971_and_1973
3e81b911-4400-471b-b216-ed737171337c,Annual Dynamics of Microeukaryotic Communities in Fram Strait (2016-2017),,15825,,,2025-07-31T16:48:00.000Z,,https://hosted-datasets.gbif.org/mgnify/MGYS00006717.zip
b55158c9-9c70-4204-ad07-543cffebf518,"Tracking  speartooth sharks (Glyphis glyphis) and  bull sharks (Carcharhinus leucas), Wenlock and Ducie rivers, Cape York, Australia (2014-2018)",,15807,,,2022-08-11T04:56:31.000Z,,https://www.marine.csiro.au/ipt/resource?r=wenlock_sharks_2014_2018
1a88b55b-84b7-4b22-ba1c-b845a8d73e1a,"Total phytoplankton inventory in the western part (Grote Rede, Negenvaam, Buiten Ratel, Oost Dyck) of the North Sea between 1977 and 1978",,15787,,,2025-09-17T09:04:44.000Z,,http://ipt.vliz.be/eurobis/resource?r=total_phytoplankton_inventory_in_the_western_part_of_the_north_sea_between_1977_and_1978
269cff42-6d17-4c62-80d7-f2da9ba5dc09,NOAA Ocean Exploration seawater eDNA metabarcoding (EX2201),,15767,,,2026-05-06T13:15:02.000Z,,https://ipt-obis.gbif.us/resource?r=noaa-oer-okeanos-ex2201
9b502f87-b1a8-429a-8222-d813ea7733b8,mabik_pr,,15767,,,2025-12-11T07:48:56.000Z,,https://www.mbris.kr/ipt/resource?r=mabik_pr
a60f84ee-0e25-428e-b171-16686b554702,Animal Demography Unit - Coordinated Waterbird Counts (CWAC),,15762,,,2020-12-02T14:08:39.000Z,,http://ipt.iobis.org/afrobis/resource?r=adu_cwac
a85edab7-cd3f-43ae-b491-37ab2e7edf5a,"MIDOC fish and micronekton samples - RV Investigator voyage IN2017_V04, Tasman Sea (2017)",,15758,,,2023-11-30T03:01:01.000Z,,https://www.marine.csiro.au/ipt/resource?r=in2017_v04_midoc
d7418b8d-0566-465e-b979-82afcd81dd8e,Successional trajectories of coastal bacterioplankton communities in response to co-exposure of cadmium and phenanthrene,,15748,,,2022-09-20T12:42:00.000Z,,https://hosted-datasets.gbif.org/mgnify/MGYS00004246.zip
e8c2a9de-09d9-4301-a5f6-9af5eaa1ed12,Polish Monitoring Programme - Monitoring of the Baltic Sea: zooplankton,,15738,,,2025-09-17T10:19:59.000Z,,http://ipt.vliz.be/eurobis/resource?r=pl_zo_monitoring
5dfe360f-13ff-4066-9c87-794209522e2d,NORIPMN12024 Env Template NOC,,15707,,,2026-04-20T18:08:13.000Z,,https://datasets.obis.org/hosted/isa/noripmn12024_env_noc/index.html
41de338d-6a8a-43f7-a351-ce5c61a7708e,Atlantic Anguilla surveys (1862-2007),,15700,,,2024-09-09T17:37:26.000Z,,http://ipt.vliz.be/eurobis/resource?r=eel
f457b955-2cdb-4b9d-aaa9-6acf29f3c283,Protists community in the southern East China Sea,,15651,,,2022-09-20T12:42:00.000Z,,https://hosted-datasets.gbif.org/mgnify/MGYS00004490.zip
5ee3369f-ecc2-455a-be34-34f71a4319da,Macrobenthos monitoring at long-term monitoring stations in the Belgian part of the North Sea from 2001 on,,15606,,,2025-09-17T08:34:33.000Z,,http://ipt.vliz.be/eurobis/resource?r=long_term_2001forward
b545eb74-b139-40ad-96ce-3e9d07d2fd25,"Surveys of Octocoral communities, benthic cover and environmental factors on coral reefs of the Great Barrier Reef, Australia (1996 to present)",,15534,,,2023-06-28T00:24:23.000Z,,https://www.marine.csiro.au/ipt/resource?r=aims_gbr_octocorals
9cd05d68-9a2a-455e-9a4a-781a3099a176,Bacteria community in the southern East China Sea,,15531,,,2022-09-20T12:42:00.000Z,,https://hosted-datasets.gbif.org/mgnify/MGYS00004480.zip
e724b7a8-b199-410c-a23c-1d46627df133,PANGAEA - Data from Glacial Atlantic Mapping and Prediction (GLAMAP2000),,15489,,,2025-09-17T08:42:38.000Z,,http://ipt.vliz.be/eurobis/resource?r=pangaea_2720
2ffe7f36-bae2-4422-bc23-fc18dee8bf38,SmartBuoy Marine Observational Network - UK Waters Phytoplankton Data 2001-2017,,15479,,,2021-02-24T15:38:45.000Z,,https://www.dassh.ac.uk/ipt/resource?r=cefas_smartbuoy
12acbce5-cb41-48c4-bd80-6030b0f0a83f,Marine records from Skomer Marine Nature Reserve (MNR) Marine Monitoring Programme,,15466,,,2025-09-17T09:04:45.000Z,,http://ipt.vliz.be/eurobis/resource?r=gbif_11792
35c9f341-fa1e-43b0-b9b4-2a2c8ab606ec,"Taxa occurrences from a near-seafloor optical imagery survey conducted in 2023 and 2024 in the St. Anns Bank Marine Protected Area, Nova Scotia, Canada",,15442,,,2026-03-30T14:49:36.000Z,,https://ipt.iobis.org/obiscanada/resource?r=sab_species
4cfad6f2-990c-4800-8863-633c7184f1e2,Stationary visual census of commercial fishes in Mayotte (2023),,15414,,,2025-09-17T10:09:47.000Z,,https://ipt.vliz.be/eurobis/resource?r=stationary_visual_mayotte_2023
ba5266b3-3ddf-4637-9a63-bac92d963b6a,Raby Coho Salmon Tagging,,15324,,,2023-09-22T17:57:22.000Z,,https://members.oceantrack.org/ipt/resource?r=otnubcrabycohosalmontaggi
2cad5558-adfe-48b8-806f-318d2ae20517,"CSIRO, Rachel Cruises, Shark Data, Arafura Sea, North Australia, 1984",,15296,,,2022-09-05T01:34:25.000Z,,https://www.marine.csiro.au/ipt/resource?r=csiro_arafura_1984_1985
132cfd6e-097d-4ee4-b737-58a596dcbe27,"O_WESTERSCHELDE - Eurasian oystercatchers (Haematopus ostralegus, Haematopodidae) breeding in East Flanders (Belgium)",,15230,,,2026-07-27T08:55:35.000Z,,https://ipt.inbo.be/resource?r=o_westerschelde
26866583-f350-4d53-8fc0-c3eabb886aa5,Mesozooplankton abundance and biomass in Sevastopol Bay and inshore waters off the Crimean Coasts of the Black Sea,,15224,,,2025-09-17T09:55:03.000Z,,http://ipt.vliz.be/eurobis/resource?r=mesozooplankton_sevastopol
e5b6a416-39e0-4330-8022-c363ba221f48,"WAMSI Node 3.1.1b and 3.2.2 - Ecosystem Effects of Fishing: finescale coral reef fish surveys Ningaloo Reef, Australia (2006)",,15172,,,2023-07-11T10:36:39.000Z,,https://www.marine.csiro.au/ipt/resource?r=wamsi_311b
8bd1c7c0-717d-4a4e-8b1c-9ff3c5698067,A Biotic Database of Indo-Pacific Marine Mollusks,,15167,,,2018-11-12T15:22:17.000Z,,http://ipt.iobis.org/obis-malaysia/resource?r=indopacific_molluscs_v1
13cd2cbd-f6f6-4e2a-94f9-f5ab6f30bb57,Monitoring of birds in the Voordelta,,15162,,,2025-09-17T08:38:34.000Z,,http://ipt.vliz.be/eurobis/resource?r=prm_ncv_obis_aves_t0
d6229742-b1bc-4db8-bbf1-ab7db7db1271,"Marine invasive species: Eilat, Gulf of Aqaba, Red Sea",,15152,,,2025-08-27T11:28:42.000Z,,https://members.oceantrack.org/ipt/resource?r=otntaumarineinvasivespeci
76187bd3-740d-4000-b466-b9793e5d7cbb,"MMS Aerial Survey, PNW 1989-1990",,15113,,,2026-04-28T15:57:46.000Z,,http://ipt.env.duke.edu/resource?r=zd_46
d1dd65ec-fc75-480d-ab5d-4a4379603173,MARMAP Chevron Trap Survey 1990-2009,,15106,,,,,http://ipt.obis.org/nonode/resource?r=marmap_chevronsurvey
0dd40113-e298-443a-961c-239d2f58a1cb,"MMS Surveys, SCB 1995-1997",,15098,,,2026-04-28T16:00:44.000Z,,http://ipt.env.duke.edu/resource?r=zd_53
63cb90c7-6607-46b6-8472-d6d7b14a95a5,Queensland Museum Molluscs - Marine records,,15091,,,2022-06-07T06:04:37.000Z,,https://www.marine.csiro.au/ipt/resource?r=qm_molluscs
dad8dec9-2b65-442c-88cf-80761da21ff1,Bacterial diversity of marine planktonic size-fractionated samples,,15083,,,2025-07-31T13:59:00.000Z,,https://hosted-datasets.gbif.org/mgnify/MGYS00006677.zip
3d8430ee-0281-4271-8449-67394407bc23,Zooplankton Sampled with 10m2MOCNESS Net in Georges Bank 1995-1999,,15060,,,,,http://ipt.obis.org/nonode/resource?r=moc10gb
de885132-9031-46c4-aec2-d532237c5da9,UNESCO eDNA expedition in Socotra Archipelago (Yemen): June 2023,,15040,,,2024-12-08T17:24:09.000Z,,https://ipt.obis.org/secretariat/resource?r=edna-socotra-archipelago
1d6d38fe-c3a8-4195-aae3-65b4fdd10296,2004–ongoing SeagrassSpotter.org Global Seagrass Point Dataset,,14953,,,2026-07-11T06:36:35.000Z,,https://www.dassh.ac.uk/ipt/resource?r=seagrassspotter
12f5c03c-dfb9-48d0-adf9-e94b5dab00c9,NOAA National Coral Reef Monitoring Program Coral Benthic Assessment Data,,14952,,,2025-02-24T15:07:23.000Z,,https://ipt-obis.gbif.us/resource?r=noaa_ncrmp_benthic_assessment
1e4d7adb-10a0-47cb-af6b-33b437fa5bf5,Datos de monitoreo de la estructura de los manglares de la Ciénaga Grande de Santa Marta (Magdalena),,14939,,,2022-01-28T20:54:36.000Z,,https://ipt.biodiversidad.co/sibm/resource?r=invemar_estructura_manglar
c697826c-1da7-4916-a387-e35008a90415,Macrobenthos from the Norwegian waters,,14885,,,2025-09-17T08:42:27.000Z,,http://ipt.vliz.be/eurobis/resource?r=nsbp_cochrane
04b9b456-af23-43e7-8125-20a13df77c48,Aerial Oil Spill Response Survey 1994-1997,,14872,,,2026-04-28T15:58:20.000Z,,http://ipt.env.duke.edu/resource?r=zd_47
0ff2a317-589a-4a3c-8f87-cd37173da0d6,Museum and Art Gallery of the Northern Territory Crustacean Collection,,14856,,,2023-06-28T04:39:52.000Z,,https://www.marine.csiro.au/ipt/resource?r=ala_co206
caf72b29-0303-4b9f-ab76-1c315fefa99f,Okeanos Explorer (EX2301): 2023 Shakedown + EXPRESS West Coast Exploration,,14828,,,2026-05-11T22:26:24.000Z,,https://ipt-obis.gbif.us/resource?r=ex2301_videoannotationsandsamples
93726e4a-940c-4dda-9519-0fbe9eb5f067,TOMLPMN12024 Env Template 20220212 Bio,,14807,,,2026-04-20T18:08:13.000Z,,https://datasets.obis.org/hosted/isa/tomlpmn12024_env_20220212_bio/index.html
585d686c-b216-4343-b548-ddc7a9286487,"Phytoplankton Species Composition, Abundance and Cell Size in San Francisco Bay: Microscopic Analyses of USGS Samples Collected 1992-2014",,14802,,,2017-12-14T16:36:12.000Z,,https://ipt-obis.gbif.us/resource?r=usgs_waterquality_sanfranciscobay_phytoplankton_1992_2014
483ab0e7-ef48-4803-befc-fb64b5833f3a,Microbial community structure and dynamics in the oxygen minimum zone of the Northeast subarctic Pacific Ocean,,14800,,,2022-09-20T12:42:00.000Z,,https://hosted-datasets.gbif.org/mgnify/MGYS00002710.zip
0dee1c07-b9b6-4260-a4bc-6c6fff25a041,"Jellyfish Database Initiative: Global records on gelatinous zooplankton for the past 200 years, collected from global sources and literature, subset of records from Australian and adjacent seas. (1907-2011)",,14782,,,2023-05-11T05:41:38.000Z,,https://www.marine.csiro.au/ipt/resource?r=jedi
8a1ae661-e911-4967-bc06-1168fc5f2d89,iziko South African Museum - Fish Collection,,14696,,,2020-12-02T14:08:59.000Z,,http://ipt.iobis.org/afrobis/resource?r=iziko_fish
d9a20f0e-2653-4f02-a1ed-eb90782f6b09,The echinoderm collection (IE) of the Muséum national d'Histoire naturelle (MNHN - Paris) in the southwest Pacific region,,14666,,,2018-08-08T21:09:03.000Z,,https://nzobisipt.niwa.co.nz/resource?r=mnhn_echinoderms
be92c271-4640-4086-9e3c-2d47350dccfd,"Stereo BRUV sampling of Freycinet  Australian Marine Park and nearby Trap reef and Governor Island Marine Reserve, Tasmania, Australia (2016 and 2021)",,14657,,,2024-06-18T10:17:33.000Z,,https://www.marine.csiro.au/ipt/resource?r=globalarchive_141_freycinet_bruvs
d52dca7d-9d5f-42dc-9afb-83182dbe7947,CARBOM cruise 2013 flow cytometry sorted phytoplankton,,14649,,,2022-09-20T12:42:00.000Z,,https://hosted-datasets.gbif.org/mgnify/MGYS00002736.zip
c6ac36b6-2d0c-4d86-9bd1-d5401045e33b,"HMAP Dataset 14: Galapagos Marine Reserve, Ecuador II",,14630,,,2025-09-17T10:13:14.000Z,,http://ipt.vliz.be/eurobis/resource?r=hmap_14
ab941389-86bd-4cff-9328-1d4c32277d9d,Biogeography of coastal wetland bacterial communities experiencing sudden vegetation dieoff,,14627,,,2022-09-20T12:42:00.000Z,,https://hosted-datasets.gbif.org/mgnify/MGYS00004544.zip
cda34487-9dd8-4868-9043-8169088401ab,Happywhale - Humpback whale in Indian Ocean,,14610,,,2026-07-15T18:26:41.000Z,,http://ipt.env.duke.edu/resource?r=zd_1763
b339f72f-eb69-40c5-b60c-1a37aaffdfb7,Marine biological observation data from coastal and offshore surveys around New Zealand,,14602,,,2025-06-30T00:37:14.000Z,,https://nzobisipt.niwa.co.nz/resource?r=mbis_nz
7d92856b-a7fe-4e99-89c9-cc1d56354134,BIOMÔR 4 The Outer Bristol Channel Marine Habitat Study,,14554,,,2025-09-17T09:34:02.000Z,,http://ipt.vliz.be/eurobis/resource?r=biomor4
8be9120f-9ddb-44a0-9980-152025cd49ca,Microbial Biogeography and Potential Ecological Function Deep Indian Ocean Ridge,,14512,,,2022-09-20T12:42:00.000Z,,https://hosted-datasets.gbif.org/mgnify/MGYS00002814.zip
2c30e8ee-3068-437c-bf94-499e06cdd4e4,De Beers Marine Namibia Benthic Monitoring Programme,,14505,,,2020-12-02T14:08:39.000Z,,http://ipt.iobis.org/afrobis/resource?r=de_beers_marine_namibia__benthos
73b8993b-0afd-49c0-8321-7cbbc112801d,NCOS1959_Mollusca,,14439,,,2018-11-12T15:23:24.000Z,,http://ipt.iobis.org/seaobis/resource?r=ncos1959_mollusca
7fad32f7-40f3-4134-84a8-beca24103910,iziko South African Museum - Shark collection,,14427,,,2020-12-02T14:08:59.000Z,,http://ipt.iobis.org/afrobis/resource?r=iziko_sharks
5ac1e5bc-9cbf-4e8a-bf77-ed18836e2f0b,ANSE Marine megafauna visual surveys in Southeastern Spanish Mediterranean 2005-2013,,14414,,,2026-08-13T16:39:44.000Z,,https://ipt.vliz.be/eurobis/resource?r=anse_mmvs_2005-2013
9715b64a-a529-429a-a8f3-79fe68222252,SERC Atlantic Horseshoe Crab Study,,14401,,,2026-06-03T15:44:02.000Z,,https://members.oceantrack.org/ipt/resource?r=otnsercsercatlantichorses
0a558e8c-c42d-4e5d-969f-a4426a242153,Nuunat- ORMS formation during oil biodegradation at low temperature,,14352,,,2022-09-20T12:42:00.000Z,,https://hosted-datasets.gbif.org/mgnify/MGYS00002449.zip
3ab72305-4c52-443f-9cbe-d83c7b947807,TPWD HARC Texas Coastal Fisheries Upper Laguna Madre Trawl,,14331,,,2022-11-07T22:16:18.000Z,,https://ipt-obis.gbif.us/resource?r=tpwd_harc_upperlagunamadre_trawl_20150202
4054d149-dd6b-4482-bf24-de122a2137a5,Spatial and temporal distribution of phytoplankton off the coast of Portugal,,14284,,,2024-10-08T13:25:54.000Z,,http://ipt.gbif.pt/ipt/resource?r=ciclos_areas
fbe29ea8-7e2f-4f5a-9bf7-e0c7514394a5,"HMAP Dataset 13: Galapagos Marine Reserve, Ecuador I",,14284,,,2025-09-17T10:13:14.000Z,,http://ipt.vliz.be/eurobis/resource?r=hmap_13
5ace09b6-2033-4227-8772-4382f6ecf103,DFO-SABS: Phytoplankton monitoring in the southwest Bay of Fundy,,14277,,,2021-04-16T11:29:55.000Z,,http://ipt.iobis.org/obiscanada/resource?r=sabs_phyto_martin
47981b3e-2c8f-444b-a60c-67dede580b53,Zooplankton communities in the coastal water of northeastern Hokkaido,,14274,,,2022-09-20T12:42:00.000Z,,https://hosted-datasets.gbif.org/mgnify/MGYS00002654.zip
9894e4fa-b960-4ad0-817c-6b7a922d5fa7,"Benthic otter trawl catch data, Porcupine Abyssal Plain, Northeast Atlantic Ocean, RRS Discovery III cruise 226, 1997",,14200,,,2024-07-05T09:40:15.000Z,,https://ipt.iobis.org/obis-deepsea/resource?r=pap_megafauna_discovery226_1997
05d045fc-bbc2-4710-97f6-baeb9e09e8f7,Vertical and horizontal environmental DNA (eDNA) patterns of fish in a shallow and well-mixed North Sea area,,14130,,,2024-12-16T09:02:28.000Z,,https://ipt.inbo.be/resource?r=ilvo-metabarcoding-1
3cd94a39-6a58-4f0e-9c74-e044e7a0e737,"Zooplankton Eastern Arctic Ocean Polarstern, 1995-1998",,14029,,,2019-10-02T13:40:06.000Z,,http://geo.abds.is/ipt/resource?r=arc_2009p6
30c53413-335f-4f6b-9512-b358cea14de7,"Foraging behaviour in the Short-Tailed Shearwater (Puffinus tenuirostris) using GPS, Bass Strait, Australia (2012)",,13984,,,2022-07-20T01:02:52.000Z,,https://www.marine.csiro.au/ipt/resource?r=stsh_tracking_gabo_griffith
ce4b9956-ea44-4f61-8fb9-2326574fc5f5,Marine coastal animals data in the coastal area of Yokohama City,,13946,,,2026-05-18T08:07:23.000Z,,https://www.godac.jamstec.go.jp/ipt/resource?r=yokohama_esri_coastal_animals
45fd60a8-cd81-4d04-b8e0-39c8fa75e4f8,Fish and marine invertebrates from the Israeli Eastern Mediterranean Sea,,13941,,,2021-10-20T12:03:03.000Z,,http://ipt.medobis.eu/resource?r=fish_invertebrates_israelimediterraneansea
c120a0c2-faaf-4d80-8e92-6aa08084eff0,"Fine-scale variability in catch and growth rates of western rock lobsters (Panulirus cygnus), Western Australia (2017-2019)",,13902,,,2023-07-13T23:10:39.000Z,,https://www.marine.csiro.au/ipt/resource?r=globalarchive_223_wr
7980442b-9f1f-416a-8c61-d58b03a7a61e,Phytoplankton of the northern part of the Black Sea 1992-1993,,13872,,,2025-09-17T08:38:33.000Z,,http://ipt.vliz.be/eurobis/resource?r=bryantseva_phytoplankton
51dda270-a0d0-487b-8c83-784dc70e7ea8,Po river Prodelta and Mar Piccolo of Taranto surface sediments bacterial communities targeted loci,,13864,,,2022-09-20T12:42:00.000Z,,https://hosted-datasets.gbif.org/mgnify/MGYS00002883.zip
8af3708a-81fb-4edd-ade6-b23532a0f26c,"NT Waterbird Colonies Species, Northern Territory, Australia (1990-1999)",,13856,,,2026-08-13T05:50:11.000Z,,https://www.marine.csiro.au/ipt/resource?r=acef_waterbird_colonies
8cb3a754-1d96-4b48-87f2-05468b9b3aae,"Bottom Trawl Surveys: Catch and Effort Data For South East Australia, 1898-1996",,13833,,,2023-06-28T03:41:33.000Z,,https://www.marine.csiro.au/ipt/resource?r=csiro_bottom_trawls_1898_1996
6c2739dd-556b-4750-8078-9d0a5fae7c49,Annual Dynamics of Bacterial & Archaeal Communities in Fram Strait (2017-2018),,13812,,,2025-07-31T16:29:00.000Z,,https://hosted-datasets.gbif.org/mgnify/MGYS00006713.zip
99cb5f25-9aaa-4c8c-a0f3-43375f183ca2,Antarctic and Sub-Antarctic Asteroidea database 2017,,13788,,,2019-03-19T14:43:46.000Z,,https://ipt.biodiversity.aq/resource?r=asteroidea_southern_ocean
3e3924b8-8754-433d-8e52-01842d8f04b6,TPWD HARC Texas Coastal Fisheries Sabine Lake Bay Trawl,,13761,,,2017-11-21T22:03:11.000Z,,https://ipt-obis.gbif.us/resource?r=tpwd_harc_texassabinelake_baytrawl_20150202
da5982a8-e9a1-46af-ab1b-8293edb79c5d,ANSE Marine megafauna visual surveys in Southeastern Spanish Mediterranean,,13727,,,2026-08-13T16:43:23.000Z,,https://ipt.vliz.be/eurobis/resource?r=anse_mmvs_2014-onwards
82c19bdc-d6db-4ffa-a3db-865783087d3e,Censo Neotropical de Aves Acuáticas en Colombia (CNAA): 2002 - 2018,,13724,,,2025-05-16T16:16:16.000Z,,https://ipt.biodiversidad.co/sibm/resource?r=cnaa_colombia
e6efac0e-b4e4-4306-9d1c-a8c991d92dff,Harbour seals GPS telemetry in Baie du Mont Saint-Michel,,13718,,,2025-10-08T12:53:02.000Z,,http://ipt.env.duke.edu/resource?r=zd_2034
6f0c8bfd-e76a-4d4f-b5e5-6c3983d6067b,WADFW PSAMP S1994,,13717,,,2025-10-07T19:14:49.000Z,,http://ipt.env.duke.edu/resource?r=zd_231
e07a3d69-3134-4d5a-8a29-a17f706c1d71,Marine Nature Conservation Review (MNCR) and associated benthic marine data held and managed by CCW,,13704,,,2025-09-17T10:20:00.000Z,,http://ipt.vliz.be/eurobis/resource?r=nbn_ga000195
76870ffd-cad1-4940-beba-347c0fcbfa75,Okeanos Explorer (EX2304): Seascape Alaska 3: Aleutians Remotely Operated Vehicle Exploration and Mapping,,13694,,,2026-05-12T16:28:31.000Z,,https://ipt-obis.gbif.us/resource?r=ex2304_videoannotationsandsamples
413657ae-72f4-4466-b9cb-f5e98230582a,BioChem: The Les Harris Northwest Atlantic 0-100m zooplankton collection,,13687,,,2026-02-11T18:01:59.000Z,,http://ipt.iobis.org/obiscanada/resource?r=biochem_harris_0_100m
5a929c97-0c37-471f-ab24-bdbbe792f61b,PANGAEA - Data from Climatic variability of the Mediterranean Paleo-circulation (CLIVAMP),,13680,,,2025-09-17T08:37:08.000Z,,http://ipt.vliz.be/eurobis/resource?r=pangaea_2733
0c9db499-759b-46d8-8989-799f9ff9f235,Auckland Museum NZ Marine Collection,,13650,,,2018-08-08T20:59:53.000Z,,https://nzobisipt.niwa.co.nz/resource?r=auckland_museum_marine
72ab964a-9ca1-4515-b19a-7239b6c86f48,ABBBS Bird Banding records from the Australian Antarctic Territory and Heard Island,,13628,,,2021-05-05T23:46:10.000Z,,https://data.aad.gov.au/ipt/resource?r=aat_abbbs
98ff9c23-e8a6-41d4-a5b9-d43835ea5760,"Global database of key seagrass structure, biomass and production variables - Darwin Core Archive",,13516,,,2025-10-16T08:38:47.000Z,,https://ipt.vliz.be/eurobis/resource?r=seagrassdb_pangaea_929968
432ed34a-7efd-4a5b-be77-d4719d68c391,"Tracking saltwater crocodiles on the Wenlock River, Cape York, Queensland, Australia (2009 - 2016)",,13510,,,2022-06-07T05:52:06.000Z,,https://www.marine.csiro.au/ipt/resource?r=zoatrack_uq_crocodiles
e5d5eb76-532a-48c4-9d02-705f68486ebb,CWS: Waterbird colony database (Atlantic region),,13489,,,2021-04-16T11:33:07.000Z,,http://ipt.iobis.org/obiscanada/resource?r=cws_atlantic_colonydbase
8daada4d-73db-4453-ab53-1671ad9fd9fe,Tyne oil spill snorkels Raw sequence reads,,13483,,,2022-09-20T12:42:00.000Z,,https://hosted-datasets.gbif.org/mgnify/MGYS00004505.zip
fd1fdc04-c127-49fa-b0b0-d29b2e95f5f7,eDNA_Subseafloor,,13463,,,2022-09-20T12:42:00.000Z,,https://hosted-datasets.gbif.org/mgnify/MGYS00002735.zip
4c6725a7-48fb-491c-b591-97df4d5ab15e,UFPE Oceanography Zooplankton Research,,13446,,,2025-12-09T17:05:24.000Z,,https://ipt.sibbr.gov.br/obis-brasil/resource?r=ufpe_oceanography_zooplankton_research
7c55b26f-a47a-454d-a724-64e1b3bb9d74,United Kingdom National Whale Stranding Database 1913-2008,,13437,,,2025-10-07T23:40:25.000Z,,http://ipt.env.duke.edu/resource?r=zd_731
d960ffd3-ef52-49cc-b424-8322a9d0f16e,"The Strait of Georgia Ichthyoplankton Survey, 1979-1981",,13424,,,2022-03-23T16:16:47.000Z,,http://ipt.iobis.org/obiscanada/resource?r=ichthyoplankton
373bacd9-e375-4513-8e98-f2e7f63275e4,HELCOM/OSPAR Ballast water observations,,13354,,,2025-09-17T10:19:47.000Z,,http://ipt.vliz.be/eurobis/resource?r=helcom_ospar_ballast_water_observations
1d468f1f-c2b7-4012-8d5b-8e903c200b76,Florida Manatee Mortality 1974-2020,,13351,,,2025-10-07T22:46:21.000Z,,http://ipt.env.duke.edu/resource?r=zd_490
ce2d61c9-3b93-4965-ba9f-157503922aae,Zooplankton data collected in the Romanian Black Sea waters between 1973 and 1980,,13334,,,2025-09-17T08:42:26.000Z,,http://ipt.vliz.be/eurobis/resource?r=ro_black_sea_zpk_1973_1980
2a17430f-ec53-44dc-b09b-5a1d252820c0,Queen Victoria Museum and Art Gallery - Marine Invertebrates,,13327,,,2023-06-28T03:55:51.000Z,,https://www.marine.csiro.au/ipt/resource?r=ala_co258
ee385956-17e6-4c77-8711-efa531964ef0,Advanced modelling and research on eutrophication linking eutrophication and biological resources (AMOREII),,13301,,,2019-05-20T11:56:24.000Z,,https://ipt.naturalsciences.be/resource?r=idod_amore_2
eafd68c8-af31-4609-b7c8-34d1bccfecc5,SHARK - National environmental monitoring of Grey seal in Sweden since 1989,,13291,,,2024-07-02T16:36:08.000Z,,http://ipt.vliz.be/eurobis/resource?r=smhi-greyseal-nat
a951be55-4e8f-4551-9892-2c4879c6265a,Australian National Wildlife Collection provider for OZCAM - Marine records,,13286,,,2023-08-11T11:18:43.000Z,,https://www.marine.csiro.au/ipt/resource?r=csiro_anwc_marine
872b3454-7114-4ca9-914b-99b2518f86ee,SeagrassSpotter.org Global Seagrass Point Dataset,,13283,,,2025-12-11T08:50:46.000Z,,https://www.dassh.ac.uk/ipt/resource?r=project_seagrass
6e6e2c56-c255-44b2-a7e6-00ebcb786037,SOMBASE – Southern Ocean mollusc database: a tool for biogeographic analysis in diversity and evolution,,13282,,,2019-06-26T16:26:48.000Z,,https://ipt.biodiversity.aq/resource?r=sombase_southern_ocean_mollusc_database
72237fcc-4b7d-48dd-a037-8eecc79c0f14,VLIZ biodiversity observatory data: zooplankton observations by imaging (ZooScan) in the Belgian part of the North Sea,,13274,,,2026-03-09T14:33:08.000Z,,https://ipt.vliz.be/eurobis/resource?r=vliz-zooscan
4d02df8f-6e3d-46d3-bc32-2257154c49ec,Monitoring of the effects of Belgian wind mill parks on benthic macro-invertebrates and the fish fauna of soft substrates - reference situation. (WINMON),,13239,,,2021-01-18T15:20:31.000Z,,https://ipt.naturalsciences.be/resource?r=idod_winmon
89a80ca4-b804-4224-82f3-e3028f1e6720,Harbour seals GPS telemetry in Baie de Somme,,13172,,,2025-10-08T12:51:31.000Z,,http://ipt.env.duke.edu/resource?r=zd_2030
ab25396e-888b-4073-af34-4868ac1db8da,"DFO Pacific IOS zooplankton database - Zooplankton samples collected during cruises to the Canadian Arctic, 2006-2009",,13162,,,2026-02-11T17:51:29.000Z,,http://ipt.iobis.org/obiscanada/resource?r=dfo_ios_arcticgroup
